"County.FIPS.Code","Plant.county.name","Plant.state.abbreviation","Sum_Plant_NetGenMW","County","average_month_PM25_concentration","Average_Month_AQI_Value"
1,"District of Columbia","DC",137989.001,"Alachua",6.51612903225806,35.5564516129032
1,"Anderson","TN",1109396.001,"Alachua",6.51612903225806,35.5564516129032
1,"Allen","KS",1532.999,"Alachua",6.51612903225806,35.5564516129032
1,"Barnstable","MA",527545,"Alachua",6.51612903225806,35.5564516129032
1,"Androscoggin","ME",285096,"Alachua",6.51612903225806,35.5564516129032
1,"Allegany","MD",1258101,"Alachua",6.51612903225806,35.5564516129032
1,"Acadia","LA",NA,"Alachua",6.51612903225806,35.5564516129032
1,"Accomack","VA",58495.997,"Alachua",6.51612903225806,35.5564516129032
1,"Abbeville","SC",67,"Alachua",6.51612903225806,35.5564516129032
1,"Ada","ID",22801,"Alachua",6.51612903225806,35.5564516129032
1,"Hawaii","HI",739870.001,"Alachua",6.51612903225806,35.5564516129032
1,"Alcona","MI",134800,"Alachua",6.51612903225806,35.5564516129032
1,"Alameda","CA",1557594,"Alachua",6.51612903225806,35.5564516129032
1,"Autauga","AL",14866723,"Alachua",6.51612903225806,35.5564516129032
1,"Bernalillo","NM",557156,"Alachua",6.51612903225806,35.5564516129032
1,"Adams","IN",10234,"Alachua",6.51612903225806,35.5564516129032
1,"Beaver","UT",1684,"Alachua",6.51612903225806,35.5564516129032
1,"Addison","VT",2551.1,"Alachua",6.51612903225806,35.5564516129032
1,"Fairfield","CT",6511251.002,"Alachua",6.51612903225806,35.5564516129032
1,"Adams","CO",3710778,"Alachua",6.51612903225806,35.5564516129032
1,"Albany","NY",4673935.001,"Alachua",6.51612903225806,35.5564516129032
1,"Kent","DE",1460629,"Alachua",6.51612903225806,35.5564516129032
1,"Adams","NE",1570165,"Alachua",6.51612903225806,35.5564516129032
1,"Atlantic","NJ",98531,"Alachua",6.51612903225806,35.5564516129032
1,"Alachua","FL",NA,"Alachua",6.51612903225806,35.5564516129032
1,"Adams","PA",NA,"Alachua",6.51612903225806,35.5564516129032
1,"Apache","AZ",NA,"Alachua",6.51612903225806,35.5564516129032
1,"Adair","IA",145,"Alachua",6.51612903225806,35.5564516129032
3,"Bergen","NJ",2083949,"Baker",7.51290322580645,40.5161290322581
3,"Bergen","NJ",2083949,"Baldwin",6.3,34.1
3,"Anne Arundel","MD",2221038,"Baker",7.51290322580645,40.5161290322581
3,"Anne Arundel","MD",2221038,"Baldwin",6.3,34.1
3,"Berkshire","MA",60532,"Baker",7.51290322580645,40.5161290322581
3,"Berkshire","MA",60532,"Baldwin",6.3,34.1
3,"Big Horn","MT",493908,"Baker",7.51290322580645,40.5161290322581
3,"Big Horn","MT",493908,"Baldwin",6.3,34.1
3,"Alger","MI",0,"Baker",7.51290322580645,40.5161290322581
3,"Alger","MI",0,"Baldwin",6.3,34.1
3,"Benton","OR",79716.001,"Baker",7.51290322580645,40.5161290322581
3,"Benton","OR",79716.001,"Baldwin",6.3,34.1
3,"Ashley","AR",44962.206,"Baker",7.51290322580645,40.5161290322581
3,"Ashley","AR",44962.206,"Baldwin",6.3,34.1
3,"Andrews","TX",1288.995,"Baker",7.51290322580645,40.5161290322581
3,"Andrews","TX",1288.995,"Baldwin",6.3,34.1
3,"Aiken","SC",2101125.999,"Baker",7.51290322580645,40.5161290322581
3,"Aiken","SC",2101125.999,"Baldwin",6.3,34.1
3,"Hartford","CT",620252.718,"Baker",7.51290322580645,40.5161290322581
3,"Hartford","CT",620252.718,"Baldwin",6.3,34.1
3,"Anderson","KS",829,"Baker",7.51290322580645,40.5161290322581
3,"Anderson","KS",829,"Baldwin",6.3,34.1
3,"New Castle","DE",3643498,"Baker",7.51290322580645,40.5161290322581
3,"New Castle","DE",3643498,"Baldwin",6.3,34.1
3,"Allegheny","PA",5756116,"Baker",7.51290322580645,40.5161290322581
3,"Allegheny","PA",5756116,"Baldwin",6.3,34.1
3,"Adams","IA",21848,"Baker",7.51290322580645,40.5161290322581
3,"Adams","IA",21848,"Baldwin",6.3,34.1
3,"Aroostook","ME",103296,"Baker",7.51290322580645,40.5161290322581
3,"Aroostook","ME",103296,"Baldwin",6.3,34.1
3,"Ashland","WI",173475,"Baker",7.51290322580645,40.5161290322581
3,"Ashland","WI",173475,"Baldwin",6.3,34.1
3,"Allegany","NY",80555.999,"Baker",7.51290322580645,40.5161290322581
3,"Allegany","NY",80555.999,"Baldwin",6.3,34.1
3,"Anoka","MN",-434,"Baker",7.51290322580645,40.5161290322581
3,"Anoka","MN",-434,"Baldwin",6.3,34.1
3,"Cochise","AZ",1960326,"Baker",7.51290322580645,40.5161290322581
3,"Cochise","AZ",1960326,"Baldwin",6.3,34.1
3,"Carroll","NH",23658,"Baker",7.51290322580645,40.5161290322581
3,"Carroll","NH",23658,"Baldwin",6.3,34.1
3,"Honolulu","HI",5941393.002,"Baker",7.51290322580645,40.5161290322581
3,"Honolulu","HI",5941393.002,"Baldwin",6.3,34.1
3,"Adams","ID",13747,"Baker",7.51290322580645,40.5161290322581
3,"Adams","ID",13747,"Baldwin",6.3,34.1
3,"Clark","NV",20578017.001,"Baker",7.51290322580645,40.5161290322581
3,"Clark","NV",20578017.001,"Baldwin",6.3,34.1
3,"Alamosa","CO",13872,"Baker",7.51290322580645,40.5161290322581
3,"Alamosa","CO",13872,"Baldwin",6.3,34.1
5,"Ascension","LA",1533628.32,"Bay",6.83870967741935,36.2903225806452
5,"Bristol","MA",382333,"Bay",6.83870967741935,36.2903225806452
5,"Benton","TN",35985,"Bay",6.83870967741935,36.2903225806452
5,"Baltimore","MD",23781,"Bay",6.83870967741935,36.2903225806452
5,"Allendale","SC",150976,"Bay",6.83870967741935,36.2903225806452
5,"Alleghany","VA",792624,"Bay",6.83870967741935,36.2903225806452
5,"Barron","WI",146,"Bay",6.83870967741935,36.2903225806452
5,"Allegan","MI",245811,"Bay",6.83870967741935,36.2903225806452
5,"Armstrong","PA",6394300.999,"Bay",6.83870967741935,36.2903225806452
5,"Bay","FL",4542044,"Bay",6.83870967741935,36.2903225806452
5,"Arapahoe","CO",20671,"Bay",6.83870967741935,36.2903225806452
5,"Becker","MN",16,"Bay",6.83870967741935,36.2903225806452
5,"Allamakee","IA",983541,"Bay",6.83870967741935,36.2903225806452
5,"Campbell","WY",7199501,"Bay",6.83870967741935,36.2903225806452
5,"Burlington","NJ",73502,"Bay",6.83870967741935,36.2903225806452
5,"Cumberland","ME",2735344,"Bay",6.83870967741935,36.2903225806452
5,"Bannock","ID",62547,"Bay",6.83870967741935,36.2903225806452
5,"Beadle","SD",79850.002,"Bay",6.83870967741935,36.2903225806452
5,"Sussex","DE",135988,"Bay",6.83870967741935,36.2903225806452
5,"Newport","RI",1062072,"Bay",6.83870967741935,36.2903225806452
5,"Litchfield","CT",240813,"Bay",6.83870967741935,36.2903225806452
5,"Bronx","NY",NA,"Bay",6.83870967741935,36.2903225806452
5,"Cache","UT",27350.999,"Bay",6.83870967741935,36.2903225806452
5,"Caledonia","VT",137183,"Bay",6.83870967741935,36.2903225806452
9,"Benewah","ID",13550,"Blount",6.33768115942029,34.3478260869565
9,"Benewah","ID",13550,"Brevard",6.95806451612903,38.258064516129
9,"Benton","MS",5051650,"Blount",6.33768115942029,34.3478260869565
9,"Benton","MS",5051650,"Brevard",6.95806451612903,38.258064516129
9,"Brevard","FL",NA,"Blount",6.33768115942029,34.3478260869565
9,"Brevard","FL",NA,"Brevard",6.95806451612903,38.258064516129
9,"Converse","WY",3581919,"Blount",6.33768115942029,34.3478260869565
9,"Converse","WY",3581919,"Brevard",6.95806451612903,38.258064516129
9,"Essex","MA",1360307.999,"Blount",6.33768115942029,34.3478260869565
9,"Essex","MA",1360307.999,"Brevard",6.95806451612903,38.258064516129
9,"Columbia","OR",3891652,"Blount",6.33768115942029,34.3478260869565
9,"Columbia","OR",3891652,"Brevard",6.95806451612903,38.258064516129
9,"Clallam","WA",10755,"Blount",6.33768115942029,34.3478260869565
9,"Clallam","WA",10755,"Brevard",6.95806451612903,38.258064516129
9,"Baca","CO",0,"Blount",6.33768115942029,34.3478260869565
9,"Baca","CO",0,"Brevard",6.95806451612903,38.258064516129
9,"GRAFTON","NH",0,"Blount",6.33768115942029,34.3478260869565
9,"GRAFTON","NH",0,"Brevard",6.95806451612903,38.258064516129
9,"Barton","KS",17323,"Blount",6.33768115942029,34.3478260869565
9,"Barton","KS",17323,"Brevard",6.95806451612903,38.258064516129
9,"Cattaraugus","NY",100492,"Blount",6.33768115942029,34.3478260869565
9,"Cattaraugus","NY",100492,"Brevard",6.95806451612903,38.258064516129
9,"Hancock","ME",9013,"Blount",6.33768115942029,34.3478260869565
9,"Hancock","ME",9013,"Brevard",6.95806451612903,38.258064516129
9,"Barren","KY",3925,"Blount",6.33768115942029,34.3478260869565
9,"Barren","KY",3925,"Brevard",6.95806451612903,38.258064516129
9,"Brown","WI",482774,"Blount",6.33768115942029,34.3478260869565
9,"Brown","WI",482774,"Brevard",6.95806451612903,38.258064516129
9,"New Haven","CT",8916928.995,"Blount",6.33768115942029,34.3478260869565
9,"New Haven","CT",8916928.995,"Brevard",6.95806451612903,38.258064516129
9,"Audubon","IA",156912,"Blount",6.33768115942029,34.3478260869565
9,"Audubon","IA",156912,"Brevard",6.95806451612903,38.258064516129
9,"Cape May","NJ",2491,"Blount",6.33768115942029,34.3478260869565
9,"Cape May","NJ",2491,"Brevard",6.95806451612903,38.258064516129
9,"Grafton","NH",126636.19,"Blount",6.33768115942029,34.3478260869565
9,"Grafton","NH",126636.19,"Brevard",6.95806451612903,38.258064516129
9,"Washington","RI",151668,"Blount",6.33768115942029,34.3478260869565
9,"Washington","RI",151668,"Brevard",6.95806451612903,38.258064516129
9,"Maui","HI",898643.005,"Blount",6.33768115942029,34.3478260869565
9,"Maui","HI",898643.005,"Brevard",6.95806451612903,38.258064516129
11,"Berks","PA",7230359,"Avery",3.03,16.9
11,"Berks","PA",7230359,"Broward",6.98616352201258,37.1698113207547
11,"Berks","PA",7230359,"Bolivar",6.87741935483871,36.7903225806452
11,"Buffalo","WI",2101639,"Avery",3.03,16.9
11,"Buffalo","WI",2101639,"Broward",6.98616352201258,37.1698113207547
11,"Buffalo","WI",2101639,"Bolivar",6.87741935483871,36.7903225806452
11,"New London","CT",683512.321,"Avery",3.03,16.9
11,"New London","CT",683512.321,"Broward",6.98616352201258,37.1698113207547
11,"New London","CT",683512.321,"Bolivar",6.87741935483871,36.7903225806452
11,"Broward","FL",11933011.901,"Avery",3.03,16.9
11,"Broward","FL",11933011.901,"Broward",6.98616352201258,37.1698113207547
11,"Broward","FL",11933011.901,"Bolivar",6.87741935483871,36.7903225806452
11,"Eureka","NV",1342470,"Avery",3.03,16.9
11,"Eureka","NV",1342470,"Broward",6.98616352201258,37.1698113207547
11,"Eureka","NV",1342470,"Bolivar",6.87741935483871,36.7903225806452
11,"Franklin","VT",904,"Avery",3.03,16.9
11,"Franklin","VT",904,"Broward",6.98616352201258,37.1698113207547
11,"Franklin","VT",904,"Bolivar",6.87741935483871,36.7903225806452
11,"Beauregard","LA",407036.42,"Avery",3.03,16.9
11,"Beauregard","LA",407036.42,"Broward",6.98616352201258,37.1698113207547
11,"Beauregard","LA",407036.42,"Bolivar",6.87741935483871,36.7903225806452
11,"Davis","UT",42507.001,"Avery",3.03,16.9
11,"Davis","UT",42507.001,"Broward",6.98616352201258,37.1698113207547
11,"Davis","UT",42507.001,"Bolivar",6.87741935483871,36.7903225806452
11,"Cumberland","NJ",269607.999,"Avery",3.03,16.9
11,"Cumberland","NJ",269607.999,"Broward",6.98616352201258,37.1698113207547
11,"Cumberland","NJ",269607.999,"Bolivar",6.87741935483871,36.7903225806452
11,"Franklin","MA",42616.48,"Avery",3.03,16.9
11,"Franklin","MA",42616.48,"Broward",6.98616352201258,37.1698113207547
11,"Franklin","MA",42616.48,"Bolivar",6.87741935483871,36.7903225806452
11,"Hillsborough","NH",NA,"Avery",3.03,16.9
11,"Hillsborough","NH",NA,"Broward",6.98616352201258,37.1698113207547
11,"Hillsborough","NH",NA,"Bolivar",6.87741935483871,36.7903225806452
11,"Brookings","SD",767867,"Avery",3.03,16.9
11,"Brookings","SD",767867,"Broward",6.98616352201258,37.1698113207547
11,"Brookings","SD",767867,"Bolivar",6.87741935483871,36.7903225806452
11,"Auglaize","OH",NA,"Avery",3.03,16.9
11,"Auglaize","OH",NA,"Broward",6.98616352201258,37.1698113207547
11,"Auglaize","OH",NA,"Bolivar",6.87741935483871,36.7903225806452
11,"Benton","IA",-308,"Avery",3.03,16.9
11,"Benton","IA",-308,"Broward",6.98616352201258,37.1698113207547
11,"Benton","IA",-308,"Bolivar",6.87741935483871,36.7903225806452
11,"Clark","WA",1695598,"Avery",3.03,16.9
11,"Clark","WA",1695598,"Broward",6.98616352201258,37.1698113207547
11,"Clark","WA",1695598,"Bolivar",6.87741935483871,36.7903225806452
11,"Colusa","CA",2718649,"Avery",3.03,16.9
11,"Colusa","CA",2718649,"Broward",6.98616352201258,37.1698113207547
11,"Colusa","CA",2718649,"Bolivar",6.87741935483871,36.7903225806452
11,"Bent","CO",0,"Avery",3.03,16.9
11,"Bent","CO",0,"Broward",6.98616352201258,37.1698113207547
11,"Bent","CO",0,"Bolivar",6.87741935483871,36.7903225806452
11,"Cayuga","NY",NA,"Avery",3.03,16.9
11,"Cayuga","NY",NA,"Broward",6.98616352201258,37.1698113207547
11,"Cayuga","NY",NA,"Bolivar",6.87741935483871,36.7903225806452
11,"Bureau","IL",459.001,"Avery",3.03,16.9
11,"Bureau","IL",459.001,"Broward",6.98616352201258,37.1698113207547
11,"Bureau","IL",459.001,"Bolivar",6.87741935483871,36.7903225806452
17,"Bourbon","KY",44.099,"Citrus",6.94878048780488,37.6829268292683
17,"Grant","NM",18869,"Citrus",6.94878048780488,37.6829268292683
17,"Bladen","NC",96.007,"Citrus",6.94878048780488,37.6829268292683
17,"Middlesex","MA",3172105,"Citrus",6.94878048780488,37.6829268292683
17,"Cass","ND",58,"Citrus",6.94878048780488,37.6829268292683
17,"Chickasaw","MS",9321,"Citrus",6.94878048780488,37.6829268292683
17,"Hudson","NJ",1442074.998,"Citrus",6.94878048780488,37.6829268292683
17,"BAY","MI",15243,"Citrus",6.94878048780488,37.6829268292683
17,"Chippewa","WI",113204.002,"Citrus",6.94878048780488,37.6829268292683
17,"Charles","MD",5034265,"Citrus",6.94878048780488,37.6829268292683
17,"Bay","MI",3069692,"Citrus",6.94878048780488,37.6829268292683
17,"Caddo","LA",3341673,"Citrus",6.94878048780488,37.6829268292683
17,"Cass","IN",23635,"Citrus",6.94878048780488,37.6829268292683
17,"Navajo","AZ",2502237,"Citrus",6.94878048780488,37.6829268292683
17,"Calhoun","SC",2711313,"Citrus",6.94878048780488,37.6829268292683
17,"Bremer","IA",522.998,"Citrus",6.94878048780488,37.6829268292683
17,"Carlton","MN",478971.2,"Citrus",6.94878048780488,37.6829268292683
17,"Canadian","OK",869105.001,"Citrus",6.94878048780488,37.6829268292683
17,"Butler","OH",4669370.998,"Citrus",6.94878048780488,37.6829268292683
17,"Bucks","PA",NA,"Citrus",6.94878048780488,37.6829268292683
17,"Custer","MT",464,"Citrus",6.94878048780488,37.6829268292683
17,"El Dorado","CA",14316,"Citrus",6.94878048780488,37.6829268292683
17,"Oxford","ME",NA,"Citrus",6.94878048780488,37.6829268292683
17,"Citrus","FL",15701082,"Citrus",6.94878048780488,37.6829268292683
17,"Strafford","NH",98287,"Citrus",6.94878048780488,37.6829268292683
19,"Lyon","NV",549796,"Charleston",6.51153846153846,33.9505494505495
19,"Fresno","CA",NA,"Charleston",6.51153846153846,33.9505494505495
19,"Douglas","OR",146677.51,"Charleston",6.51153846153846,33.9505494505495
19,"Hunterdon","NJ",94615,"Charleston",6.51153846153846,33.9505494505495
19,"Dorchester","MD",7053,"Charleston",6.51153846153846,33.9505494505495
19,"Champaign","IL",214674.101,"Charleston",6.51153846153846,33.9505494505495
19,"Orleans","VT",48801,"Charleston",6.51153846153846,33.9505494505495
19,"Sullivan","NH",23430,"Charleston",6.51153846153846,33.9505494505495
19,"Clinton","NY",135759,"Charleston",6.51153846153846,33.9505494505495
19,"Nantucket","MA",-724,"Charleston",6.51153846153846,33.9505494505495
19,"Calcasieu","LA",NA,"Charleston",6.51153846153846,33.9505494505495
19,"Buchanan","IA",0,"Charleston",6.51153846153846,33.9505494505495
19,"Clark","IN",NA,"Charleston",6.51153846153846,33.9505494505495
19,"Choctaw","MS",10292428,"Charleston",6.51153846153846,33.9505494505495
19,"Carver","MN",2131,"Charleston",6.51153846153846,33.9505494505495
19,"Pima","AZ",1052992.161,"Charleston",6.51153846153846,33.9505494505495
19,"Boone","MO",264120.622,"Charleston",6.51153846153846,33.9505494505495
19,"Charleston","SC",485839,"Charleston",6.51153846153846,33.9505494505495
19,"Carroll","OH",5330523,"Charleston",6.51153846153846,33.9505494505495
19,"Brunswick","NC",1263,"Charleston",6.51153846153846,33.9505494505495
19,"Bedford","VA",53873,"Charleston",6.51153846153846,33.9505494505495
19,"Penobscot","ME",849563,"Charleston",6.51153846153846,33.9505494505495
21,"Clay","AR",0,"Bibb",7.54,39.2823529411765
21,"Clay","AR",0,"Buncombe",5.975,31.9444444444444
21,"Clay","AR",0,"Collier",7.16774193548387,39.2903225806452
21,"Berrien","MI",62347,"Bibb",7.54,39.2823529411765
21,"Berrien","MI",62347,"Buncombe",5.975,31.9444444444444
21,"Berrien","MI",62347,"Collier",7.16774193548387,39.2903225806452
21,"Bastrop","TX",6866141,"Bibb",7.54,39.2823529411765
21,"Bastrop","TX",6866141,"Buncombe",5.975,31.9444444444444
21,"Bastrop","TX",6866141,"Collier",7.16774193548387,39.2903225806452
21,"Cherokee","KS",1471307,"Bibb",7.54,39.2823529411765
21,"Cherokee","KS",1471307,"Buncombe",5.975,31.9444444444444
21,"Cherokee","KS",1471307,"Collier",7.16774193548387,39.2903225806452
21,"Bayamon","PR",122.001,"Bibb",7.54,39.2823529411765
21,"Bayamon","PR",122.001,"Buncombe",5.975,31.9444444444444
21,"Bayamon","PR",122.001,"Collier",7.16774193548387,39.2903225806452
21,"Bibb","GA",459292.126,"Bibb",7.54,39.2823529411765
21,"Bibb","GA",459292.126,"Buncombe",5.975,31.9444444444444
21,"Bibb","GA",459292.126,"Collier",7.16774193548387,39.2903225806452
21,"Rutland","VT",530,"Bibb",7.54,39.2823529411765
21,"Rutland","VT",530,"Buncombe",5.975,31.9444444444444
21,"Rutland","VT",530,"Collier",7.16774193548387,39.2903225806452
21,"Cherokee","SC",1763852.58,"Bibb",7.54,39.2823529411765
21,"Cherokee","SC",1763852.58,"Buncombe",5.975,31.9444444444444
21,"Cherokee","SC",1763852.58,"Collier",7.16774193548387,39.2903225806452
21,"Collier","FL",24775,"Bibb",7.54,39.2823529411765
21,"Collier","FL",24775,"Buncombe",5.975,31.9444444444444
21,"Collier","FL",24775,"Collier",7.16774193548387,39.2903225806452
21,"Cambria","PA",8671487,"Bibb",7.54,39.2823529411765
21,"Cambria","PA",8671487,"Buncombe",5.975,31.9444444444444
21,"Cambria","PA",8671487,"Collier",7.16774193548387,39.2903225806452
21,"Columbia","WI",NA,"Bibb",7.54,39.2823529411765
21,"Columbia","WI",NA,"Buncombe",5.975,31.9444444444444
21,"Columbia","WI",NA,"Collier",7.16774193548387,39.2903225806452
21,"Christian","IL",3644213,"Bibb",7.54,39.2823529411765
21,"Christian","IL",3644213,"Buncombe",5.975,31.9444444444444
21,"Christian","IL",3644213,"Collier",7.16774193548387,39.2903225806452
21,"Buena Vista","IA",173,"Bibb",7.54,39.2823529411765
21,"Buena Vista","IA",173,"Buncombe",5.975,31.9444444444444
21,"Buena Vista","IA",173,"Collier",7.16774193548387,39.2903225806452
21,"Buncombe","NC",4014704,"Bibb",7.54,39.2823529411765
21,"Buncombe","NC",4014704,"Buncombe",5.975,31.9444444444444
21,"Buncombe","NC",4014704,"Collier",7.16774193548387,39.2903225806452
21,"Pinal","AZ",2204711,"Bibb",7.54,39.2823529411765
21,"Pinal","AZ",2204711,"Buncombe",5.975,31.9444444444444
21,"Pinal","AZ",2204711,"Collier",7.16774193548387,39.2903225806452
21,"Buchanan","MO",46364,"Bibb",7.54,39.2823529411765
21,"Buchanan","MO",46364,"Buncombe",5.975,31.9444444444444
21,"Buchanan","MO",46364,"Collier",7.16774193548387,39.2903225806452
21,"Laramie","WY",282814,"Bibb",7.54,39.2823529411765
21,"Laramie","WY",282814,"Buncombe",5.975,31.9444444444444
21,"Laramie","WY",282814,"Collier",7.16774193548387,39.2903225806452
21,"Mercer","NJ",136378.999,"Bibb",7.54,39.2823529411765
21,"Mercer","NJ",136378.999,"Buncombe",5.975,31.9444444444444
21,"Mercer","NJ",136378.999,"Collier",7.16774193548387,39.2903225806452
21,"Burt","NE",0,"Bibb",7.54,39.2823529411765
21,"Burt","NE",0,"Buncombe",5.975,31.9444444444444
21,"Burt","NE",0,"Collier",7.16774193548387,39.2903225806452
21,"Dawson","MT",1080,"Bibb",7.54,39.2823529411765
21,"Dawson","MT",1080,"Buncombe",5.975,31.9444444444444
21,"Dawson","MT",1080,"Collier",7.16774193548387,39.2903225806452
21,"Norfolk","MA",6452466.999,"Bibb",7.54,39.2823529411765
21,"Norfolk","MA",6452466.999,"Buncombe",5.975,31.9444444444444
21,"Norfolk","MA",6452466.999,"Collier",7.16774193548387,39.2903225806452
21,"Gilliam","OR",87391.004,"Bibb",7.54,39.2823529411765
21,"Gilliam","OR",87391.004,"Buncombe",5.975,31.9444444444444
21,"Gilliam","OR",87391.004,"Collier",7.16774193548387,39.2903225806452
23,"Choctaw","OK",806227,"Columbia",9.23225806451613,45.3225806451613
23,"Choctaw","AL",350151.32,"Columbia",9.23225806451613,45.3225806451613
23,"Cheyenne","KS",0,"Columbia",9.23225806451613,45.3225806451613
23,"Clark","IL",167.998,"Columbia",9.23225806451613,45.3225806451613
23,"Butler","MO",1102.998,"Columbia",9.23225806451613,45.3225806451613
23,"Butler","NE",25.001,"Columbia",9.23225806451613,45.3225806451613
23,"Humboldt","CA",NA,"Columbia",9.23225806451613,45.3225806451613
23,"Lincoln","WY",3274847.999,"Columbia",9.23225806451613,45.3225806451613
23,"Washington","VT",8528,"Columbia",9.23225806451613,45.3225806451613
23,"Deer Lodge","MT",406019.001,"Columbia",9.23225806451613,45.3225806451613
23,"Burke","NC",-77,"Columbia",9.23225806451613,45.3225806451613
23,"Branch","MI",1947.999,"Columbia",9.23225806451613,45.3225806451613
23,"Middlesex","NJ",NA,"Columbia",9.23225806451613,45.3225806451613
23,"Hidalgo","NM",146692,"Columbia",9.23225806451613,45.3225806451613
23,"Juab","UT",2805979,"Columbia",9.23225806451613,45.3225806451613
23,"Plymouth","MA",590271,"Columbia",9.23225806451613,45.3225806451613
23,"Santa Cruz","AZ",3379.999,"Columbia",9.23225806451613,45.3225806451613
23,"Grant","OR",0,"Columbia",9.23225806451613,45.3225806451613
23,"Grant","WV",4644202,"Columbia",9.23225806451613,45.3225806451613
25,"Chisago","MN",261,"Chesterfield",6.11481481481481,33.5925925925926
25,"Imperial","CA",NA,"Chesterfield",6.11481481481481,33.5925925925926
25,"Dane","WI",993691.999,"Chesterfield",6.11481481481481,33.5925925925926
25,"Greenbrier","WV",-8151,"Chesterfield",6.11481481481481,33.5925925925926
25,"Clermont","OH",3046520,"Chesterfield",6.11481481481481,33.5925925925926
25,"Harford","MD",329850.002,"Chesterfield",6.11481481481481,33.5925925925926
25,"Clark","KS",19.001,"Chesterfield",6.11481481481481,33.5925925925926
25,"Brunswick","VA",7271050.005,"Chesterfield",6.11481481481481,33.5925925925926
25,"Carbon","PA",508403,"Chesterfield",6.11481481481481,33.5925925925926
25,"Cass","NE",200648,"Chesterfield",6.11481481481481,33.5925925925926
25,"Calhoun","MI",85949.999,"Chesterfield",6.11481481481481,33.5925925925926
25,"Cabarrus","NC",65176,"Chesterfield",6.11481481481481,33.5925925925926
25,"Clark","SD",-125,"Chesterfield",6.11481481481481,33.5925925925926
25,"Clarke","AL",70289.159,"Chesterfield",6.11481481481481,33.5925925925926
25,"Clay","IL",2745.001,"Chesterfield",6.11481481481481,33.5925925925926
25,"Lea","NM",4973575,"Chesterfield",6.11481481481481,33.5925925925926
25,"Caguas","PR",136,"Chesterfield",6.11481481481481,33.5925925925926
25,"Somerset","ME",NA,"Chesterfield",6.11481481481481,33.5925925925926
25,"Suffolk","MA",457283.31,"Chesterfield",6.11481481481481,33.5925925925926
25,"Monmouth","NJ",14391,"Chesterfield",6.11481481481481,33.5925925925926
27,"Clay","KS",462.999,"Clay",5.05,27.5
27,"Clinton","OH",-3025,"Clay",5.05,27.5
27,"Clay","MN",37217.46,"Clay",5.05,27.5
27,"Canyon","ID",41828,"Clay",5.05,27.5
27,"Windsor","VT",538,"Clay",5.05,27.5
27,"Clinton","IL",733.999,"Clay",5.05,27.5
27,"Waldo","ME",35342,"Clay",5.05,27.5
27,"Coahoma","MS",195814,"Clay",5.05,27.5
27,"Carroll","IA",196.998,"Clay",5.05,27.5
27,"Centre","PA",86662.13,"Clay",5.05,27.5
27,"WALDO","ME",117,"Clay",5.05,27.5
27,"Callaway","MO",1215,"Clay",5.05,27.5
27,"Bell","TX",7031215.001,"Clay",5.05,27.5
27,"Yuma","AZ",340622.001,"Clay",5.05,27.5
27,"Worcester","MA",NA,"Clay",5.05,27.5
27,"Cedar","NE",6.001,"Clay",5.05,27.5
27,"Howard","MD",1707,"Clay",5.05,27.5
27,"Buchanan","VA",331611,"Clay",5.05,27.5
27,"Clay","SD",6802,"Clay",5.05,27.5
27,"Caldwell","NC",19,"Clay",5.05,27.5
27,"Millard","UT",5510314,"Clay",5.05,27.5
27,"Dutchess","NY",NA,"Clay",5.05,27.5
27,"Cass","MI",3077086,"Clay",5.05,27.5
27,"Cleveland","OK",0,"Clay",5.05,27.5
27,"Grays Harbor","WA",3381416,"Clay",5.05,27.5
27,"Dodge","WI",0,"Clay",5.05,27.5
27,"Inyo","CA",-9130,"Clay",5.05,27.5
27,"Morris","NJ",16575,"Clay",5.05,27.5
31,"Cassia","ID",18297,"Duval",8.54035087719298,43.8377192982456
31,"Comanche","OK",284855,"Duval",8.54035087719298,43.8377192982456
31,"Duval","FL",9270493.002,"Duval",8.54035087719298,43.8377192982456
31,"Cook","IL",NA,"Duval",8.54035087719298,43.8377192982456
31,"Kings","CA",NA,"Duval",8.54035087719298,43.8377192982456
31,"Douglas","WI",0,"Duval",8.54035087719298,43.8377192982456
31,"Cape Girardeau","MO",140.998,"Duval",8.54035087719298,43.8377192982456
31,"Cedar","IA",149.442,"Duval",8.54035087719298,43.8377192982456
31,"Essex","NY",198263.27,"Duval",8.54035087719298,43.8377192982456
31,"Coffey","KS",1727.78,"Duval",8.54035087719298,43.8377192982456
31,"Passaic","NJ",NA,"Duval",8.54035087719298,43.8377192982456
31,"Denver","CO",264584,"Duval",8.54035087719298,43.8377192982456
31,"Cheboygan","MI",153,"Duval",8.54035087719298,43.8377192982456
31,"Campbell","VA",334103,"Duval",8.54035087719298,43.8377192982456
31,"Cook","MN",287.001,"Duval",8.54035087719298,43.8377192982456
31,"Darlington","SC",120130,"Duval",8.54035087719298,43.8377192982456
31,"Washoe","NV",19358,"Duval",8.54035087719298,43.8377192982456
31,"Montgomery","MD",651232.16,"Duval",8.54035087719298,43.8377192982456
31,"Platte","WY",9858855,"Duval",8.54035087719298,43.8377192982456
31,"DeSoto","LA",NA,"Duval",8.54035087719298,43.8377192982456
31,"Craighead","AR",99002,"Duval",8.54035087719298,43.8377192982456
33,"Carroll","MO",0,"DeSoto",7.49032258064516,40.0483870967742
33,"Carroll","MO",0,"Escambia",9.63064516129032,46.5483870967742
33,"Colbert","AL",15325,"DeSoto",7.49032258064516,40.0483870967742
33,"Colbert","AL",15325,"Escambia",9.63064516129032,46.5483870967742
33,"Harrison","WV",12058137,"DeSoto",7.49032258064516,40.0483870967742
33,"Harrison","WV",12058137,"Escambia",9.63064516129032,46.5483870967742
33,"Cerro Gordo","IA",1788895,"DeSoto",7.49032258064516,40.0483870967742
33,"Cerro Gordo","IA",1788895,"Escambia",9.63064516129032,46.5483870967742
33,"Cheyenne","NE",2.001,"DeSoto",7.49032258064516,40.0483870967742
33,"Cheyenne","NE",2.001,"Escambia",9.63064516129032,46.5483870967742
33,"Prince Georges","MD",NA,"DeSoto",7.49032258064516,40.0483870967742
33,"Prince Georges","MD",NA,"Escambia",9.63064516129032,46.5483870967742
33,"Clearfield","PA",1048134.999,"DeSoto",7.49032258064516,40.0483870967742
33,"Clearfield","PA",1048134.999,"Escambia",9.63064516129032,46.5483870967742
33,"King","WA",19198.112,"DeSoto",7.49032258064516,40.0483870967742
33,"King","WA",19198.112,"Escambia",9.63064516129032,46.5483870967742
33,"Chippewa","MI",3456,"DeSoto",7.49032258064516,40.0483870967742
33,"Chippewa","MI",3456,"Escambia",9.63064516129032,46.5483870967742
33,"Caroline","VA",875311,"DeSoto",7.49032258064516,40.0483870967742
33,"Caroline","VA",875311,"Escambia",9.63064516129032,46.5483870967742
33,"Cottonwood","MN",34.999,"DeSoto",7.49032258064516,40.0483870967742
33,"Cottonwood","MN",34.999,"Escambia",9.63064516129032,46.5483870967742
33,"Escambia","FL",2402200.507,"DeSoto",7.49032258064516,40.0483870967742
33,"Escambia","FL",2402200.507,"Escambia",9.63064516129032,46.5483870967742
33,"Salem","NJ",321490,"DeSoto",7.49032258064516,40.0483870967742
33,"Salem","NJ",321490,"Escambia",9.63064516129032,46.5483870967742
33,"Sheridan","WY",337,"DeSoto",7.49032258064516,40.0483870967742
33,"Sheridan","WY",337,"Escambia",9.63064516129032,46.5483870967742
33,"Burke","GA",14672,"DeSoto",7.49032258064516,40.0483870967742
33,"Burke","GA",14672,"Escambia",9.63064516129032,46.5483870967742
33,"Crawford","OH",1664.999,"DeSoto",7.49032258064516,40.0483870967742
33,"Crawford","OH",1664.999,"Escambia",9.63064516129032,46.5483870967742
33,"East Baton Rouge","LA",NA,"DeSoto",7.49032258064516,40.0483870967742
33,"East Baton Rouge","LA",NA,"Escambia",9.63064516129032,46.5483870967742
33,"Desoto","MS",4672632,"DeSoto",7.49032258064516,40.0483870967742
33,"Desoto","MS",4672632,"Escambia",9.63064516129032,46.5483870967742
35,"Salt Lake","UT",1058373.001,"Forrest",9.10298507462687,45.2686567164179
35,"Salt Lake","UT",1058373.001,"Catawba",9.07741935483871,43.258064516129
35,"Cowley","KS",2516,"Forrest",9.10298507462687,45.2686567164179
35,"Cowley","KS",2516,"Catawba",9.07741935483871,43.258064516129
35,"Clare","MI",6865,"Forrest",9.10298507462687,45.2686567164179
35,"Clare","MI",6865,"Catawba",9.07741935483871,43.258064516129
35,"Dorchester","SC",143683,"Forrest",9.10298507462687,45.2686567164179
35,"Dorchester","SC",143683,"Catawba",9.07741935483871,43.258064516129
35,"Somerset","NJ",48058,"Forrest",9.10298507462687,45.2686567164179
35,"Somerset","NJ",48058,"Catawba",9.07741935483871,43.258064516129
35,"Lassen","CA",NA,"Forrest",9.10298507462687,45.2686567164179
35,"Lassen","CA",NA,"Catawba",9.07741935483871,43.258064516129
35,"Catawba","NC",7211521.001,"Forrest",9.10298507462687,45.2686567164179
35,"Catawba","NC",7211521.001,"Catawba",9.07741935483871,43.258064516129
35,"Klamath","OR",2451404.89,"Forrest",9.10298507462687,45.2686567164179
35,"Klamath","OR",2451404.89,"Catawba",9.07741935483871,43.258064516129
35,"Cuyahoga","OH",NA,"Forrest",9.10298507462687,45.2686567164179
35,"Cuyahoga","OH",NA,"Catawba",9.07741935483871,43.258064516129
35,"Fulton","NY",15737,"Forrest",9.10298507462687,45.2686567164179
35,"Fulton","NY",15737,"Catawba",9.07741935483871,43.258064516129
35,"Davison","SD",18612,"Forrest",9.10298507462687,45.2686567164179
35,"Davison","SD",18612,"Catawba",9.07741935483871,43.258064516129
35,"Bosque","TX",4651200,"Forrest",9.10298507462687,45.2686567164179
35,"Bosque","TX",4651200,"Catawba",9.07741935483871,43.258064516129
37,"Los Angeles","CA",NA,"Davidson",8.77829457364341,44.2248062015504
37,"Los Angeles","CA",NA,"Edgefield",6.236,34.28
37,"Quay","NM",170,"Davidson",8.77829457364341,44.2248062015504
37,"Quay","NM",170,"Edgefield",6.236,34.28
37,"Davidson","TN",122468,"Davidson",8.77829457364341,44.2248062015504
37,"Davidson","TN",122468,"Edgefield",6.236,34.28
37,"Clinton","MI",6768,"Davidson",8.77829457364341,44.2248062015504
37,"Clinton","MI",6768,"Edgefield",6.236,34.28
37,"Genesee","NY",78898,"Davidson",8.77829457364341,44.2248062015504
37,"Genesee","NY",78898,"Edgefield",6.236,34.28
37,"Eagle","CO",114206,"Davidson",8.77829457364341,44.2248062015504
37,"Eagle","CO",114206,"Edgefield",6.236,34.28
37,"Sweetwater","WY",11244233.19,"Davidson",8.77829457364341,44.2248062015504
37,"Sweetwater","WY",11244233.19,"Edgefield",6.236,34.28
37,"Dakota","MN",1028685.508,"Davidson",8.77829457364341,44.2248062015504
37,"Dakota","MN",1028685.508,"Edgefield",6.236,34.28
37,"Cass","MO",2063602,"Davidson",8.77829457364341,44.2248062015504
37,"Cass","MO",2063602,"Edgefield",6.236,34.28
37,"Crawford","KS",15433,"Davidson",8.77829457364341,44.2248062015504
37,"Crawford","KS",15433,"Edgefield",6.236,34.28
37,"Chickasaw","IA",1121.001,"Davidson",8.77829457364341,44.2248062015504
37,"Chickasaw","IA",1121.001,"Edgefield",6.236,34.28
37,"Darke","OH",200316.999,"Davidson",8.77829457364341,44.2248062015504
37,"Darke","OH",200316.999,"Edgefield",6.236,34.28
41,"Chesterfield","VA",3353593.382,"Florence",6.945,36.525
41,"Chowan","NC",0,"Florence",6.945,36.525
41,"Warren","NJ",-6277,"Florence",6.945,36.525
41,"Carroll","KY",10038535,"Florence",6.945,36.525
41,"Florence","SC",414945.636,"Florence",6.945,36.525
41,"Chariton","MO",0,"Florence",6.945,36.525
41,"Gilchrist","FL",NA,"Florence",6.945,36.525
41,"Brazos","TX",335331.11,"Florence",6.945,36.525
41,"Dickinson","KS",0,"Florence",6.945,36.525
41,"Clay","IA",3004,"Florence",6.945,36.525
41,"Delta","MI",511811.52,"Florence",6.945,36.525
41,"Douglas","MN",30.999,"Florence",6.945,36.525
41,"El Paso","CO",3902649.998,"Florence",6.945,36.525
41,"Desha","AR",101062,"Florence",6.945,36.525
41,"Lewis","WA",5727031,"Florence",6.945,36.525
41,"Lincoln","OR",20901,"Florence",6.945,36.525
41,"Custer","NE",64,"Florence",6.945,36.525
41,"Cumberland","PA",55180.28,"Florence",6.945,36.525
41,"Delaware","OH",-7,"Florence",6.945,36.525
41,"Marin","CA",20479,"Florence",6.945,36.525
41,"Talbot","MD",9582.998,"Florence",6.945,36.525
41,"WARREN","NJ",56721,"Florence",6.945,36.525
45,"Garfield","CO",932,"Dyer",6.50322580645161,35.0645161290323
45,"Garfield","CO",932,"Hancock",7.53548387096774,39.0322580645161
45,"Garfield","CO",932,"Greenville",9.11923076923077,44.5384615384615
45,"Gulf","FL",NA,"Dyer",6.50322580645161,35.0645161290323
45,"Gulf","FL",NA,"Hancock",7.53548387096774,39.0322580645161
45,"Gulf","FL",NA,"Greenville",9.11923076923077,44.5384615384615
45,"Delaware","PA",9725284,"Dyer",6.50322580645161,35.0645161290323
45,"Delaware","PA",9725284,"Hancock",7.53548387096774,39.0322580645161
45,"Delaware","PA",9725284,"Greenville",9.11923076923077,44.5384615384615
45,"GREENVILLE","SC",0,"Dyer",6.50322580645161,35.0645161290323
45,"GREENVILLE","SC",0,"Hancock",7.53548387096774,39.0322580645161
45,"GREENVILLE","SC",0,"Greenville",9.11923076923077,44.5384615384615
45,"Greenville","SC",7669,"Dyer",6.50322580645161,35.0645161290323
45,"Greenville","SC",7669,"Hancock",7.53548387096774,39.0322580645161
45,"Greenville","SC",7669,"Greenville",9.11923076923077,44.5384615384615
45,"Tooele","UT",44049,"Dyer",6.50322580645161,35.0645161290323
45,"Tooele","UT",44049,"Hancock",7.53548387096774,39.0322580645161
45,"Tooele","UT",44049,"Greenville",9.11923076923077,44.5384615384615
45,"Clinton","IA",775511,"Dyer",6.50322580645161,35.0645161290323
45,"Clinton","IA",775511,"Hancock",7.53548387096774,39.0322580645161
45,"Clinton","IA",775511,"Greenville",9.11923076923077,44.5384615384615
45,"Wicomico","MD",15879.006,"Dyer",6.50322580645161,35.0645161290323
45,"Wicomico","MD",15879.006,"Hancock",7.53548387096774,39.0322580645161
45,"Wicomico","MD",15879.006,"Greenville",9.11923076923077,44.5384615384615
45,"Fillmore","MN",491.38,"Dyer",6.50322580645161,35.0645161290323
45,"Fillmore","MN",491.38,"Hancock",7.53548387096774,39.0322580645161
45,"Fillmore","MN",491.38,"Greenville",9.11923076923077,44.5384615384615
45,"Iberia","LA",0,"Dyer",6.50322580645161,35.0645161290323
45,"Iberia","LA",0,"Hancock",7.53548387096774,39.0322580645161
45,"Iberia","LA",0,"Greenville",9.11923076923077,44.5384615384615
45,"Clark","MO",0,"Dyer",6.50322580645161,35.0645161290323
45,"Clark","MO",0,"Hancock",7.53548387096774,39.0322580645161
45,"Clark","MO",0,"Greenville",9.11923076923077,44.5384615384615
45,"Eaton","MI",1308494,"Dyer",6.50322580645161,35.0645161290323
45,"Eaton","MI",1308494,"Hancock",7.53548387096774,39.0322580645161
45,"Eaton","MI",1308494,"Greenville",9.11923076923077,44.5384615384615
45,"San Juan","NM",13701412,"Dyer",6.50322580645161,35.0645161290323
45,"San Juan","NM",13701412,"Hancock",7.53548387096774,39.0322580645161
45,"San Juan","NM",13701412,"Greenville",9.11923076923077,44.5384615384615
45,"Douglas","KS",1992737.999,"Dyer",6.50322580645161,35.0645161290323
45,"Douglas","KS",1992737.999,"Hancock",7.53548387096774,39.0322580645161
45,"Douglas","KS",1992737.999,"Greenville",9.11923076923077,44.5384615384615
45,"Cleveland","NC",9363492,"Dyer",6.50322580645161,35.0645161290323
45,"Cleveland","NC",9363492,"Hancock",7.53548387096774,39.0322580645161
45,"Cleveland","NC",9363492,"Greenville",9.11923076923077,44.5384615384615
45,"Jefferson","NY",288307,"Dyer",6.50322580645161,35.0645161290323
45,"Jefferson","NY",288307,"Hancock",7.53548387096774,39.0322580645161
45,"Jefferson","NY",288307,"Greenville",9.11923076923077,44.5384615384615
47,"Crawford","IA",8,"Hamilton",7.98461538461538,41.5384615384615
47,"Crawford","IA",8,"Harrison",7.70322580645161,39.8548387096774
47,"Merced","CA",50843,"Hamilton",7.98461538461538,41.5384615384615
47,"Merced","CA",50843,"Harrison",7.70322580645161,39.8548387096774
47,"Culpeper","VA",647.001,"Hamilton",7.98461538461538,41.5384615384615
47,"Culpeper","VA",647.001,"Harrison",7.70322580645161,39.8548387096774
47,"Columbus","NC",384716.029,"Hamilton",7.98461538461538,41.5384615384615
47,"Columbus","NC",384716.029,"Harrison",7.70322580645161,39.8548387096774
47,"Iberville","LA",10630067.999,"Hamilton",7.98461538461538,41.5384615384615
47,"Iberville","LA",10630067.999,"Harrison",7.70322580645161,39.8548387096774
47,"Worcester","MD",-81.001,"Hamilton",7.98461538461538,41.5384615384615
47,"Worcester","MD",-81.001,"Harrison",7.70322580645161,39.8548387096774
47,"Marion","OR",6125,"Hamilton",7.98461538461538,41.5384615384615
47,"Marion","OR",6125,"Harrison",7.70322580645161,39.8548387096774
47,"MARION","OR",66627,"Hamilton",7.98461538461538,41.5384615384615
47,"MARION","OR",66627,"Harrison",7.70322580645161,39.8548387096774
47,"Uintah","UT",3450643,"Hamilton",7.98461538461538,41.5384615384615
47,"Uintah","UT",3450643,"Harrison",7.70322580645161,39.8548387096774
47,"Gooding","ID",13906,"Hamilton",7.98461538461538,41.5384615384615
47,"Gooding","ID",13906,"Harrison",7.70322580645161,39.8548387096774
47,"Kings","NY",NA,"Hamilton",7.98461538461538,41.5384615384615
47,"Kings","NY",NA,"Harrison",7.70322580645161,39.8548387096774
47,"Harrison","MS",2595782,"Hamilton",7.98461538461538,41.5384615384615
47,"Harrison","MS",2595782,"Harrison",7.70322580645161,39.8548387096774
47,"Franklin","AR",477582,"Hamilton",7.98461538461538,41.5384615384615
47,"Franklin","AR",477582,"Harrison",7.70322580645161,39.8548387096774
47,"Elk","PA",148403,"Hamilton",7.98461538461538,41.5384615384615
47,"Elk","PA",148403,"Harrison",7.70322580645161,39.8548387096774
47,"Dallas","AL",400141,"Hamilton",7.98461538461538,41.5384615384615
47,"Dallas","AL",400141,"Harrison",7.70322580645161,39.8548387096774
47,"Green Lake","WI",14258.001,"Hamilton",7.98461538461538,41.5384615384615
47,"Green Lake","WI",14258.001,"Harrison",7.70322580645161,39.8548387096774
47,"Hamilton","FL",NA,"Hamilton",7.98461538461538,41.5384615384615
47,"Hamilton","FL",NA,"Harrison",7.70322580645161,39.8548387096774
49,"Hinds","MS",3069671,"Charlton",6.2,29.6
49,"Hinds","MS",3069671,"Hinds",8.16567164179104,41.634328358209
49,"Hinds","MS",3069671,"DeKalb",7.06,36.7
49,"Utah","UT",7103552,"Charlton",6.2,29.6
49,"Utah","UT",7103552,"Hinds",8.16567164179104,41.634328358209
49,"Utah","UT",7103552,"DeKalb",7.06,36.7
49,"Marion","WV",614244,"Charlton",6.2,29.6
49,"Marion","WV",614244,"Hinds",8.16567164179104,41.634328358209
49,"Marion","WV",614244,"DeKalb",7.06,36.7
49,"Morrow","OR",6306810,"Charlton",6.2,29.6
49,"Morrow","OR",6306810,"Hinds",8.16567164179104,41.634328358209
49,"Morrow","OR",6306810,"DeKalb",7.06,36.7
49,"Goodhue","MN",294656.999,"Charlton",6.2,29.6
49,"Goodhue","MN",294656.999,"Hinds",8.16567164179104,41.634328358209
49,"Goodhue","MN",294656.999,"DeKalb",7.06,36.7
49,"Culebra","PR",93.001,"Charlton",6.2,29.6
49,"Culebra","PR",93.001,"Hinds",8.16567164179104,41.634328358209
49,"Culebra","PR",93.001,"DeKalb",7.06,36.7
49,"Jackson","LA",375990.103,"Charlton",6.2,29.6
49,"Jackson","LA",375990.103,"Hinds",8.16567164179104,41.634328358209
49,"Jackson","LA",375990.103,"DeKalb",7.06,36.7
49,"Hardee","FL",6344369,"Charlton",6.2,29.6
49,"Hardee","FL",6344369,"Hinds",8.16567164179104,41.634328358209
49,"Hardee","FL",6344369,"DeKalb",7.06,36.7
49,"Faulk","SD",-132,"Charlton",6.2,29.6
49,"Faulk","SD",-132,"Hinds",8.16567164179104,41.634328358209
49,"Faulk","SD",-132,"DeKalb",7.06,36.7
49,"Franklin","OH",NA,"Charlton",6.2,29.6
49,"Franklin","OH",NA,"Hinds",8.16567164179104,41.634328358209
49,"Franklin","OH",NA,"DeKalb",7.06,36.7
49,"Lewis","NY",5369,"Charlton",6.2,29.6
49,"Lewis","NY",5369,"Hinds",8.16567164179104,41.634328358209
49,"Lewis","NY",5369,"DeKalb",7.06,36.7
49,"Genesee","MI",260279.001,"Charlton",6.2,29.6
49,"Genesee","MI",260279.001,"Hinds",8.16567164179104,41.634328358209
49,"Genesee","MI",260279.001,"DeKalb",7.06,36.7
49,"Deuel","NE",5,"Charlton",6.2,29.6
49,"Deuel","NE",5,"Hinds",8.16567164179104,41.634328358209
49,"Deuel","NE",5,"DeKalb",7.06,36.7
49,"Dekalb","AL",29838,"Charlton",6.2,29.6
49,"Dekalb","AL",29838,"Hinds",8.16567164179104,41.634328358209
49,"Dekalb","AL",29838,"DeKalb",7.06,36.7
49,"Effingham","IL",71,"Charlton",6.2,29.6
49,"Effingham","IL",71,"Hinds",8.16567164179104,41.634328358209
49,"Effingham","IL",71,"DeKalb",7.06,36.7
49,"Clark","KY",710542.999,"Charlton",6.2,29.6
49,"Clark","KY",710542.999,"Hinds",8.16567164179104,41.634328358209
49,"Clark","KY",710542.999,"DeKalb",7.06,36.7
49,"Craven","NC",517478.826,"Charlton",6.2,29.6
49,"Craven","NC",517478.826,"Hinds",8.16567164179104,41.634328358209
49,"Craven","NC",517478.826,"DeKalb",7.06,36.7
49,"Erie","PA",35888,"Charlton",6.2,29.6
49,"Erie","PA",35888,"Hinds",8.16567164179104,41.634328358209
49,"Erie","PA",35888,"DeKalb",7.06,36.7
51,"Chatham","GA",1156039.01,"Cumberland",7.5551724137931,38.6551724137931
51,"Chatham","GA",1156039.01,"Chatham",9.83870967741935,46.241935483871
51,"Grady","OK",NA,"Cumberland",7.5551724137931,38.6551724137931
51,"Grady","OK",NA,"Chatham",9.83870967741935,46.241935483871
51,"Wasatch","UT",23022.999,"Cumberland",7.5551724137931,38.6551724137931
51,"Wasatch","UT",23022.999,"Chatham",9.83870967741935,46.241935483871
51,"Marshall","WV",4015721.44,"Cumberland",7.5551724137931,38.6551724137931
51,"Marshall","WV",4015721.44,"Chatham",9.83870967741935,46.241935483871
51,"Cole","MO",27882.001,"Cumberland",7.5551724137931,38.6551724137931
51,"Cole","MO",27882.001,"Chatham",9.83870967741935,46.241935483871
51,"Fayette","PA",4942796,"Cumberland",7.5551724137931,38.6551724137931
51,"Fayette","PA",4942796,"Chatham",9.83870967741935,46.241935483871
51,"FAYETTE","PA",133796,"Cumberland",7.5551724137931,38.6551724137931
51,"FAYETTE","PA",133796,"Chatham",9.83870967741935,46.241935483871
51,"Dixon","NE",11.001,"Cumberland",7.5551724137931,38.6551724137931
51,"Dixon","NE",11.001,"Chatham",9.83870967741935,46.241935483871
51,"Horry","SC",7646,"Cumberland",7.5551724137931,38.6551724137931
51,"Horry","SC",7646,"Chatham",9.83870967741935,46.241935483871
51,"Ellis","KS",97891.002,"Cumberland",7.5551724137931,38.6551724137931
51,"Ellis","KS",97891.002,"Chatham",9.83870967741935,46.241935483871
51,"Fayette","IL",1841,"Cumberland",7.5551724137931,38.6551724137931
51,"Fayette","IL",1841,"Chatham",9.83870967741935,46.241935483871
51,"Davis","IA",0,"Cumberland",7.5551724137931,38.6551724137931
51,"Davis","IA",0,"Chatham",9.83870967741935,46.241935483871
51,"Hendry","FL",267422,"Cumberland",7.5551724137931,38.6551724137931
51,"Hendry","FL",267422,"Chatham",9.83870967741935,46.241935483871
51,"Gunnison","CO",2609.001,"Cumberland",7.5551724137931,38.6551724137931
51,"Gunnison","CO",2609.001,"Chatham",9.83870967741935,46.241935483871
51,"Fulton","OH",14509,"Cumberland",7.5551724137931,38.6551724137931
51,"Fulton","OH",14509,"Chatham",9.83870967741935,46.241935483871
51,"Gibson","IN",9200516,"Cumberland",7.5551724137931,38.6551724137931
51,"Gibson","IN",9200516,"Chatham",9.83870967741935,46.241935483871
51,"Jefferson","LA",8461811,"Cumberland",7.5551724137931,38.6551724137931
51,"Jefferson","LA",8461811,"Chatham",9.83870967741935,46.241935483871
51,"Jefferson","ID",1145,"Cumberland",7.5551724137931,38.6551724137931
51,"Jefferson","ID",1145,"Chatham",9.83870967741935,46.241935483871
51,"Grant","SD",1876729.001,"Cumberland",7.5551724137931,38.6551724137931
51,"Grant","SD",1876729.001,"Chatham",9.83870967741935,46.241935483871
51,"Cumberland","NC",51454,"Cumberland",7.5551724137931,38.6551724137931
51,"Cumberland","NC",51454,"Chatham",9.83870967741935,46.241935483871
55,"Dare","NC",739,"Etowah",7.81379310344828,40.9310344827586
55,"Lafayette","LA",180219,"Etowah",7.81379310344828,40.9310344827586
55,"McLean","ND",8385747,"Etowah",7.81379310344828,40.9310344827586
55,"Monroe","NY",414036,"Etowah",7.81379310344828,40.9310344827586
55,"Delaware","IA",42,"Etowah",7.81379310344828,40.9310344827586
55,"Napa","CA",NA,"Etowah",7.81379310344828,40.9310344827586
55,"Greene","AR",646.999,"Etowah",7.81379310344828,40.9310344827586
55,"Douglas","NE",1849471,"Etowah",7.81379310344828,40.9310344827586
55,"Etowah","AL",-3822,"Etowah",7.81379310344828,40.9310344827586
55,"Kershaw","SC",0,"Etowah",7.81379310344828,40.9310344827586
55,"Greene","IN",76947,"Etowah",7.81379310344828,40.9310344827586
55,"Jefferson","WI",1190175.55,"Etowah",7.81379310344828,40.9310344827586
55,"Kootenai","ID",1869688,"Etowah",7.81379310344828,40.9310344827586
55,"Finney","KS",1700414,"Etowah",7.81379310344828,40.9310344827586
55,"Greer","OK",0,"Etowah",7.81379310344828,40.9310344827586
55,"Franklin","PA",316304.983,"Etowah",7.81379310344828,40.9310344827586
57,"Hillsborough","FL",NA,"Davidson",7.99166666666667,39.6666666666667
57,"Hillsborough","FL",NA,"Hillsborough",8.07030303030303,42.9575757575758
57,"Skagit","WA",1314420,"Davidson",7.99166666666667,39.6666666666667
57,"Skagit","WA",1314420,"Hillsborough",8.07030303030303,42.9575757575758
57,"Juneau","WI",37.998,"Davidson",7.99166666666667,39.6666666666667
57,"Juneau","WI",37.998,"Hillsborough",8.07030303030303,42.9575757575758
57,"Tillamook","OR",1538,"Davidson",7.99166666666667,39.6666666666667
57,"Tillamook","OR",1538,"Hillsborough",8.07030303030303,42.9575757575758
57,"Hempstead","AR",3751117,"Davidson",7.99166666666667,39.6666666666667
57,"Hempstead","AR",3751117,"Hillsborough",8.07030303030303,42.9575757575758
57,"Calhoun","TX",NA,"Davidson",7.99166666666667,39.6666666666667
57,"Calhoun","TX",NA,"Hillsborough",8.07030303030303,42.9575757575758
57,"Des Moines","IA",15667,"Davidson",7.99166666666667,39.6666666666667
57,"Des Moines","IA",15667,"Hillsborough",8.07030303030303,42.9575757575758
57,"Mercer","ND",11970015,"Davidson",7.99166666666667,39.6666666666667
57,"Mercer","ND",11970015,"Hillsborough",8.07030303030303,42.9575757575758
57,"Guayama","PR",2962885,"Davidson",7.99166666666667,39.6666666666667
57,"Guayama","PR",2962885,"Hillsborough",8.07030303030303,42.9575757575758
57,"Hamilton","IN",1551750,"Davidson",7.99166666666667,39.6666666666667
57,"Hamilton","IN",1551750,"Hillsborough",8.07030303030303,42.9575757575758
57,"Ford","KS",6244,"Davidson",7.99166666666667,39.6666666666667
57,"Ford","KS",6244,"Hillsborough",8.07030303030303,42.9575757575758
57,"Davidson","NC",12448,"Davidson",7.99166666666667,39.6666666666667
57,"Davidson","NC",12448,"Hillsborough",8.07030303030303,42.9575757575758
59,"Lemhi","ID",39,"Clarke",8.60196078431373,43.6176470588235
59,"Lemhi","ID",39,"Holmes",8.2741935483871,43.0322580645161
59,"Lemhi","ID",39,"Jackson",7.49354838709677,39.2741935483871
59,"Kenosha","WI",293110.996,"Clarke",8.60196078431373,43.6176470588235
59,"Kenosha","WI",293110.996,"Holmes",8.2741935483871,43.0322580645161
59,"Kenosha","WI",293110.996,"Jackson",7.49354838709677,39.2741935483871
59,"Jefferson","CO",181900.831,"Clarke",8.60196078431373,43.6176470588235
59,"Jefferson","CO",181900.831,"Holmes",8.2741935483871,43.0322580645161
59,"Jefferson","CO",181900.831,"Jackson",7.49354838709677,39.2741935483871
59,"Umatilla","OR",6331865,"Clarke",8.60196078431373,43.6176470588235
59,"Umatilla","OR",6331865,"Holmes",8.2741935483871,43.0322580645161
59,"Umatilla","OR",6331865,"Jackson",7.49354838709677,39.2741935483871
59,"Jackson","MS",11971245,"Clarke",8.60196078431373,43.6176470588235
59,"Jackson","MS",11971245,"Holmes",8.2741935483871,43.0322580645161
59,"Jackson","MS",11971245,"Jackson",7.49354838709677,39.2741935483871
59,"Morton","ND",106757,"Clarke",8.60196078431373,43.6176470588235
59,"Morton","ND",106757,"Holmes",8.2741935483871,43.0322580645161
59,"Morton","ND",106757,"Jackson",7.49354838709677,39.2741935483871
59,"Nassau","NY",NA,"Clarke",8.60196078431373,43.6176470588235
59,"Nassau","NY",NA,"Holmes",8.2741935483871,43.0322580645161
59,"Nassau","NY",NA,"Jackson",7.49354838709677,39.2741935483871
59,"Greene","PA",4142509,"Clarke",8.60196078431373,43.6176470588235
59,"Greene","PA",4142509,"Holmes",8.2741935483871,43.0322580645161
59,"Greene","PA",4142509,"Jackson",7.49354838709677,39.2741935483871
59,"Franklin","KS",504.999,"Clarke",8.60196078431373,43.6176470588235
59,"Franklin","KS",504.999,"Holmes",8.2741935483871,43.0322580645161
59,"Franklin","KS",504.999,"Jackson",7.49354838709677,39.2741935483871
59,"Hillsdale","MI",882,"Clarke",8.60196078431373,43.6176470588235
59,"Hillsdale","MI",882,"Holmes",8.2741935483871,43.0322580645161
59,"Hillsdale","MI",882,"Jackson",7.49354838709677,39.2741935483871
59,"Hot Spring","AR",6884567,"Clarke",8.60196078431373,43.6176470588235
59,"Hot Spring","AR",6884567,"Holmes",8.2741935483871,43.0322580645161
59,"Hot Spring","AR",6884567,"Jackson",7.49354838709677,39.2741935483871
59,"Isanti","MN",31063,"Clarke",8.60196078431373,43.6176470588235
59,"Isanti","MN",31063,"Holmes",8.2741935483871,43.0322580645161
59,"Isanti","MN",31063,"Jackson",7.49354838709677,39.2741935483871
59,"Orange","CA",NA,"Clarke",8.60196078431373,43.6176470588235
59,"Orange","CA",NA,"Holmes",8.2741935483871,43.0322580645161
59,"Orange","CA",NA,"Jackson",7.49354838709677,39.2741935483871
59,"Clarke","GA",4012,"Clarke",8.60196078431373,43.6176470588235
59,"Clarke","GA",4012,"Holmes",8.2741935483871,43.0322580645161
59,"Clarke","GA",4012,"Jackson",7.49354838709677,39.2741935483871
59,"Fairfax","VA",747059,"Clarke",8.60196078431373,43.6176470588235
59,"Fairfax","VA",747059,"Holmes",8.2741935483871,43.0322580645161
59,"Fairfax","VA",747059,"Jackson",7.49354838709677,39.2741935483871
59,"Harper","OK",220,"Clarke",8.60196078431373,43.6176470588235
59,"Harper","OK",220,"Holmes",8.2741935483871,43.0322580645161
59,"Harper","OK",220,"Jackson",7.49354838709677,39.2741935483871
59,"Dickinson","IA",322.001,"Clarke",8.60196078431373,43.6176470588235
59,"Dickinson","IA",322.001,"Holmes",8.2741935483871,43.0322580645161
59,"Dickinson","IA",322.001,"Jackson",7.49354838709677,39.2741935483871
63,"Lexington","SC",755990,"Lexington",8.46923076923077,42.25
63,"Lexington","SC",755990,"Clayton",7.61,40.6
63,"Lexington","SC",755990,"Durham",7.41935483870968,39
63,"Niagara","NY",511442.372,"Lexington",8.46923076923077,42.25
63,"Niagara","NY",511442.372,"Clayton",7.61,40.6
63,"Niagara","NY",511442.372,"Durham",7.41935483870968,39
63,"Emmet","IA",324.999,"Lexington",8.46923076923077,42.25
63,"Emmet","IA",324.999,"Clayton",7.61,40.6
63,"Emmet","IA",324.999,"Durham",7.41935483870968,39
63,"Plumas","CA",204763,"Lexington",8.46923076923077,42.25
63,"Plumas","CA",204763,"Clayton",7.61,40.6
63,"Plumas","CA",204763,"Durham",7.41935483870968,39
63,"Kit Carson","CO",3799,"Lexington",8.46923076923077,42.25
63,"Kit Carson","CO",3799,"Clayton",7.61,40.6
63,"Kit Carson","CO",3799,"Durham",7.41935483870968,39
63,"Durham","NC",12064,"Lexington",8.46923076923077,42.25
63,"Durham","NC",12064,"Clayton",7.61,40.6
63,"Durham","NC",12064,"Durham",7.41935483870968,39
63,"Frontier","NE",44,"Lexington",8.46923076923077,42.25
63,"Frontier","NE",44,"Clayton",7.61,40.6
63,"Frontier","NE",44,"Durham",7.41935483870968,39
63,"Spokane","WA",188486.998,"Lexington",8.46923076923077,42.25
63,"Spokane","WA",188486.998,"Clayton",7.61,40.6
63,"Spokane","WA",188486.998,"Durham",7.41935483870968,39
63,"Greene","AL",1238220.003,"Lexington",8.46923076923077,42.25
63,"Greene","AL",1238220.003,"Clayton",7.61,40.6
63,"Greene","AL",1238220.003,"Durham",7.41935483870968,39
63,"Indiana","PA",11728805,"Lexington",8.46923076923077,42.25
63,"Indiana","PA",11728805,"Clayton",7.61,40.6
63,"Indiana","PA",11728805,"Durham",7.41935483870968,39
63,"Independence","AR",4497183,"Lexington",8.46923076923077,42.25
63,"Independence","AR",4497183,"Clayton",7.61,40.6
63,"Independence","AR",4497183,"Durham",7.41935483870968,39
63,"Huron","MI",30727.798,"Lexington",8.46923076923077,42.25
63,"Huron","MI",30727.798,"Clayton",7.61,40.6
63,"Huron","MI",30727.798,"Durham",7.41935483870968,39
63,"La Crosse","WI",63717,"Lexington",8.46923076923077,42.25
63,"La Crosse","WI",63717,"Clayton",7.61,40.6
63,"La Crosse","WI",63717,"Durham",7.41935483870968,39
63,"Jackson","MN",19.6,"Lexington",8.46923076923077,42.25
63,"Jackson","MN",19.6,"Clayton",7.61,40.6
63,"Jackson","MN",19.6,"Durham",7.41935483870968,39
63,"Hendricks","IN",57605.006,"Lexington",8.46923076923077,42.25
63,"Hendricks","IN",57605.006,"Clayton",7.61,40.6
63,"Hendricks","IN",57605.006,"Durham",7.41935483870968,39
63,"Jackson","FL",31950,"Lexington",8.46923076923077,42.25
63,"Jackson","FL",31950,"Clayton",7.61,40.6
63,"Jackson","FL",31950,"Durham",7.41935483870968,39
63,"Grundy","IL",585238,"Lexington",8.46923076923077,42.25
63,"Grundy","IL",585238,"Clayton",7.61,40.6
63,"Grundy","IL",585238,"Durham",7.41935483870968,39
65,"Henry","IN",190625.001,"Edgecombe",3.26129032258065,18.1290322580645
65,"Henry","IN",190625.001,"Hamilton",7.61851851851852,40
65,"Fluvanna","VA",3725379,"Edgecombe",3.26129032258065,18.1290322580645
65,"Fluvanna","VA",3725379,"Hamilton",7.61851851851852,40
65,"Hamilton","IL",0,"Edgecombe",3.26129032258065,18.1290322580645
65,"Hamilton","IL",0,"Hamilton",7.61851851851852,40
65,"Estill","KY",4647,"Edgecombe",3.26129032258065,18.1290322580645
65,"Estill","KY",4647,"Hamilton",7.61851851851852,40
65,"Oneida","NY",48972.001,"Edgecombe",3.26129032258065,18.1290322580645
65,"Oneida","NY",48972.001,"Hamilton",7.61851851851852,40
65,"Oliver","ND",4158046,"Edgecombe",3.26129032258065,18.1290322580645
65,"Oliver","ND",4158046,"Hamilton",7.61851851851852,40
65,"Stevens","WA",309533,"Edgecombe",3.26129032258065,18.1290322580645
65,"Stevens","WA",309533,"Hamilton",7.61851851851852,40
65,"Madison","ID",38635,"Edgecombe",3.26129032258065,18.1290322580645
65,"Madison","ID",38635,"Hamilton",7.61851851851852,40
65,"Riverside","CA",NA,"Edgecombe",3.26129032258065,18.1290322580645
65,"Riverside","CA",NA,"Hamilton",7.61851851851852,40
65,"Graham","KS",11.762,"Edgecombe",3.26129032258065,18.1290322580645
65,"Graham","KS",11.762,"Hamilton",7.61851851851852,40
65,"Furnas","NE",65,"Edgecombe",3.26129032258065,18.1290322580645
65,"Furnas","NE",65,"Hamilton",7.61851851851852,40
65,"Jefferson Davis","MS",82478.001,"Edgecombe",3.26129032258065,18.1290322580645
65,"Jefferson Davis","MS",82478.001,"Hamilton",7.61851851851852,40
65,"Hale","AL",36625.842,"Edgecombe",3.26129032258065,18.1290322580645
65,"Hale","AL",36625.842,"Hamilton",7.61851851851852,40
65,"Kanabec","MN",3995,"Edgecombe",3.26129032258065,18.1290322580645
65,"Kanabec","MN",3995,"Hamilton",7.61851851851852,40
65,"Ingham","MI",934360.869,"Edgecombe",3.26129032258065,18.1290322580645
65,"Ingham","MI",934360.869,"Hamilton",7.61851851851852,40
65,"Lafayette","WI",8,"Edgecombe",3.26129032258065,18.1290322580645
65,"Lafayette","WI",8,"Hamilton",7.61851851851852,40
67,"Fayette","KY",-154,"Cobb",7.99,40.7
67,"Fayette","KY",-154,"Forsyth",7.46521739130435,38.7971014492754
67,"Jones","MS",1222455,"Cobb",7.99,40.7
67,"Jones","MS",1222455,"Forsyth",7.46521739130435,38.7971014492754
67,"La Plata","CO",46524,"Cobb",7.99,40.7
67,"La Plata","CO",46524,"Forsyth",7.46521739130435,38.7971014492754
67,"Kandiyohi","MN",58.002,"Cobb",7.99,40.7
67,"Kandiyohi","MN",58.002,"Forsyth",7.46521739130435,38.7971014492754
67,"Sacramento","CA",2833928.001,"Cobb",7.99,40.7
67,"Sacramento","CA",2833928.001,"Forsyth",7.46521739130435,38.7971014492754
67,"Onondaga","NY",386095,"Cobb",7.99,40.7
67,"Onondaga","NY",386095,"Forsyth",7.46521739130435,38.7971014492754
67,"Cobb","GA",NA,"Cobb",7.99,40.7
67,"Cobb","GA",NA,"Forsyth",7.46521739130435,38.7971014492754
67,"Pembina","ND",53910,"Cobb",7.99,40.7
67,"Pembina","ND",53910,"Forsyth",7.46521739130435,38.7971014492754
67,"Grant","KS",130956.996,"Cobb",7.99,40.7
67,"Grant","KS",130956.996,"Forsyth",7.46521739130435,38.7971014492754
67,"Washington","OR",11791,"Cobb",7.99,40.7
67,"Washington","OR",11791,"Forsyth",7.46521739130435,38.7971014492754
67,"Cass","TX",367672.539,"Cobb",7.99,40.7
67,"Cass","TX",367672.539,"Forsyth",7.46521739130435,38.7971014492754
67,"Ionia","MI",55,"Cobb",7.99,40.7
67,"Ionia","MI",55,"Forsyth",7.46521739130435,38.7971014492754
67,"Gage","NE",402806,"Cobb",7.99,40.7
67,"Gage","NE",402806,"Forsyth",7.46521739130435,38.7971014492754
67,"Forsyth","NC",78088.001,"Cobb",7.99,40.7
67,"Forsyth","NC",78088.001,"Forsyth",7.46521739130435,38.7971014492754
67,"Hancock","TN",420.002,"Cobb",7.99,40.7
67,"Hancock","TN",420.002,"Forsyth",7.46521739130435,38.7971014492754
67,"Floyd","IA",677,"Cobb",7.99,40.7
67,"Floyd","IA",677,"Forsyth",7.46521739130435,38.7971014492754
69,"Nez Perce","ID",392242,"Coffee",7.03,37.2
69,"Lincoln","WI",109330.399,"Coffee",7.03,37.2
69,"Natchitoches","LA",385349,"Coffee",7.03,37.2
69,"Marlboro","SC",0,"Coffee",7.03,37.2
69,"Lake","FL",101724,"Coffee",7.03,37.2
69,"Dunklin","MO",1279763,"Coffee",7.03,37.2
69,"Larimer","CO",2141723.999,"Coffee",7.03,37.2
69,"Henry","OH",1589.999,"Coffee",7.03,37.2
69,"Lackawanna","PA",9301945,"Coffee",7.03,37.2
69,"Kemper","MS",4272473,"Coffee",7.03,37.2
69,"Jefferson","AR",6860947,"Coffee",7.03,37.2
69,"Ontario","NY",77667.002,"Coffee",7.03,37.2
69,"Houston","AL",386,"Coffee",7.03,37.2
69,"Humacao","PR",45,"Coffee",7.03,37.2
69,"Frederick","VA",107820,"Coffee",7.03,37.2
71,"Koochiching","MN",266193,"Lee",7.51370967741935,40.6693548387097
71,"San Bernardino","CA",NA,"Lee",7.51370967741935,40.6693548387097
71,"Hardin","TN",415420.984,"Lee",7.51370967741935,40.6693548387097
71,"Kay","OK",183327,"Lee",7.51370967741935,40.6693548387097
71,"Giles","VA",164960,"Lee",7.51370967741935,40.6693548387097
71,"Orange","NY",NA,"Lee",7.51370967741935,40.6693548387097
71,"Lancaster","PA",278247,"Lee",7.51370967741935,40.6693548387097
71,"Yamhill","OR",27049.002,"Lee",7.51370967741935,40.6693548387097
71,"Jackson","AL",NA,"Lee",7.51370967741935,40.6693548387097
71,"Las Animas","CO",15.998,"Lee",7.51370967741935,40.6693548387097
71,"Garfield","NE",26,"Lee",7.51370967741935,40.6693548387097
71,"Chambers","TX",7655519,"Lee",7.51370967741935,40.6693548387097
71,"Manitowoc","WI",334043,"Lee",7.51370967741935,40.6693548387097
71,"Gaston","NC",232537.998,"Lee",7.51370967741935,40.6693548387097
71,"Lee","FL",10796959.002,"Lee",7.51370967741935,40.6693548387097
71,"Franklin","MO",16446112,"Lee",7.51370967741935,40.6693548387097
71,"Orleans","LA",366686,"Lee",7.51370967741935,40.6693548387097
73,"Ouachita","LA",7572261.21,"Leon",8.83720930232558,43.6279069767442
73,"Ouachita","LA",7572261.21,"Jefferson",7.68853503184713,39.968152866242
73,"San Diego","CA",NA,"Leon",8.83720930232558,43.6279069767442
73,"San Diego","CA",NA,"Jefferson",7.68853503184713,39.968152866242
73,"Hawkins","TN",4449216,"Leon",8.83720930232558,43.6279069767442
73,"Hawkins","TN",4449216,"Jefferson",7.68853503184713,39.968152866242
73,"Kingfisher","OK",122.999,"Leon",8.83720930232558,43.6279069767442
73,"Kingfisher","OK",122.999,"Jefferson",7.68853503184713,39.968152866242
73,"Whatcom","WA",1878565,"Leon",8.83720930232558,43.6279069767442
73,"Whatcom","WA",1878565,"Jefferson",7.68853503184713,39.968152866242
73,"Pleasants","WV",8987589,"Leon",8.83720930232558,43.6279069767442
73,"Pleasants","WV",8987589,"Jefferson",7.68853503184713,39.968152866242
73,"Greene","IA",7,"Leon",8.83720930232558,43.6279069767442
73,"Greene","IA",7,"Jefferson",7.68853503184713,39.968152866242
73,"Ransom","ND",0,"Leon",8.83720930232558,43.6279069767442
73,"Ransom","ND",0,"Jefferson",7.68853503184713,39.968152866242
73,"Leon","FL",1567825,"Leon",8.83720930232558,43.6279069767442
73,"Leon","FL",1567825,"Jefferson",7.68853503184713,39.968152866242
73,"Lamar","MS",NA,"Leon",8.83720930232558,43.6279069767442
73,"Lamar","MS",NA,"Jefferson",7.68853503184713,39.968152866242
73,"Gosper","NE",21993,"Leon",8.83720930232558,43.6279069767442
73,"Gosper","NE",21993,"Jefferson",7.68853503184713,39.968152866242
73,"Marathon","WI",4680804.001,"Leon",8.83720930232558,43.6279069767442
73,"Marathon","WI",4680804.001,"Jefferson",7.68853503184713,39.968152866242
73,"Lawrence","PA",6679607.5,"Leon",8.83720930232558,43.6279069767442
73,"Lawrence","PA",6679607.5,"Jefferson",7.68853503184713,39.968152866242
73,"Jefferson","AL",21067499,"Leon",8.83720930232558,43.6279069767442
73,"Jefferson","AL",21067499,"Jefferson",7.68853503184713,39.968152866242
73,"Cherokee","TX",228181,"Leon",8.83720930232558,43.6279069767442
73,"Cherokee","TX",228181,"Jefferson",7.68853503184713,39.968152866242
73,"Oconee","SC",1350,"Leon",8.83720930232558,43.6279069767442
73,"Oconee","SC",1350,"Jefferson",7.68853503184713,39.968152866242
73,"Lincoln","CO",110112,"Leon",8.83720930232558,43.6279069767442
73,"Lincoln","CO",110112,"Jefferson",7.68853503184713,39.968152866242
73,"Jasper","IN",2157064.036,"Leon",8.83720930232558,43.6279069767442
73,"Jasper","IN",2157064.036,"Jefferson",7.68853503184713,39.968152866242
73,"Isabella","MI",27040.23,"Leon",8.83720930232558,43.6279069767442
73,"Isabella","MI",27040.23,"Jefferson",7.68853503184713,39.968152866242
79,"Le Sueur","MN",22865.999,"Lawrence",4.69,26.1
79,"Le Sueur","MN",22865.999,"Richland",6.27647058823529,34.6470588235294
79,"San Luis Obispo","CA",NA,"Lawrence",4.69,26.1
79,"San Luis Obispo","CA",NA,"Richland",6.27647058823529,34.6470588235294
79,"Jasper","IL",3509803,"Lawrence",4.69,26.1
79,"Jasper","IL",3509803,"Richland",6.27647058823529,34.6470588235294
79,"Hamilton","IA",23458,"Lawrence",4.69,26.1
79,"Hamilton","IA",23458,"Richland",6.27647058823529,34.6470588235294
79,"Le Flore","OK",717172,"Lawrence",4.69,26.1
79,"Le Flore","OK",717172,"Richland",6.27647058823529,34.6470588235294
79,"Luzerne","PA",5162709.999,"Lawrence",4.69,26.1
79,"Luzerne","PA",5162709.999,"Richland",6.27647058823529,34.6470588235294
79,"Rapides","LA",5596120.999,"Lawrence",4.69,26.1
79,"Rapides","LA",5596120.999,"Richland",6.27647058823529,34.6470588235294
79,"Grundy","MO",220.003,"Lawrence",4.69,26.1
79,"Grundy","MO",220.003,"Richland",6.27647058823529,34.6470588235294
79,"Milwaukee","WI",9967587.001,"Lawrence",4.69,26.1
79,"Milwaukee","WI",9967587.001,"Richland",6.27647058823529,34.6470588235294
79,"Putnam","WV",7306252,"Lawrence",4.69,26.1
79,"Putnam","WV",7306252,"Richland",6.27647058823529,34.6470588235294
79,"Hall","NE",451967.999,"Lawrence",4.69,26.1
79,"Hall","NE",451967.999,"Richland",6.27647058823529,34.6470588235294
79,"Richland","SC",2386990,"Lawrence",4.69,26.1
79,"Richland","SC",2386990,"Richland",6.27647058823529,34.6470588235294
79,"Kalkaska","MI",43487,"Lawrence",4.69,26.1
79,"Kalkaska","MI",43487,"Richland",6.27647058823529,34.6470588235294
81,"Raleigh","WV",10202,"Guilford",8.84827586206896,44.7931034482759
81,"Monroe","WI",19.6,"Guilford",8.84827586206896,44.7931034482759
81,"Kent","MI",344629,"Guilford",8.84827586206896,44.7931034482759
81,"KENT","MI",22767,"Guilford",8.84827586206896,44.7931034482759
81,"San Mateo","CA",131676.998,"Guilford",8.84827586206896,44.7931034482759
81,"Queens","NY",13490975.003,"Guilford",8.84827586206896,44.7931034482759
81,"Red River","LA",127073,"Guilford",8.84827586206896,44.7931034482759
81,"Johnson","IN",109,"Guilford",8.84827586206896,44.7931034482759
81,"Little River","AR",599991.65,"Guilford",8.84827586206896,44.7931034482759
81,"Jefferson","OH",16012527,"Guilford",8.84827586206896,44.7931034482759
81,"Greensville","VA",11145392,"Guilford",8.84827586206896,44.7931034482759
81,"LEE","AL",132,"Guilford",8.84827586206896,44.7931034482759
81,"Moffat","CO",7507807,"Guilford",8.84827586206896,44.7931034482759
81,"Guilford","NC",17036.001,"Guilford",8.84827586206896,44.7931034482759
81,"Manatee","FL",6960035,"Guilford",8.84827586206896,44.7931034482759
81,"Lee","AL",11641023,"Guilford",8.84827586206896,44.7931034482759
81,"Lycoming","PA",6427016,"Guilford",8.84827586206896,44.7931034482759
81,"Coke","TX",14615,"Guilford",8.84827586206896,44.7931034482759
83,"Spartanburg","SC",30725.999,"Marion",8.74838709677419,45.6774193548387
83,"Spartanburg","SC",30725.999,"Spartanburg",7.71153846153846,39.1730769230769
83,"Hodgeman","KS",205,"Marion",8.74838709677419,45.6774193548387
83,"Hodgeman","KS",205,"Spartanburg",7.71153846153846,39.1730769230769
83,"Twin Falls","ID",42058.19,"Marion",8.74838709677419,45.6774193548387
83,"Twin Falls","ID",42058.19,"Spartanburg",7.71153846153846,39.1730769230769
83,"Santa Barbara","CA",NA,"Marion",8.74838709677419,45.6774193548387
83,"Santa Barbara","CA",NA,"Spartanburg",7.71153846153846,39.1730769230769
83,"Rensselaer","NY",3497996,"Marion",8.74838709677419,45.6774193548387
83,"Rensselaer","NY",3497996,"Spartanburg",7.71153846153846,39.1730769230769
83,"Marion","FL",12152,"Marion",8.74838709677419,45.6774193548387
83,"Marion","FL",12152,"Spartanburg",7.71153846153846,39.1730769230769
83,"Halifax","NC",190772.93,"Marion",8.74838709677419,45.6774193548387
83,"Halifax","NC",190772.93,"Spartanburg",7.71153846153846,39.1730769230769
83,"Knox","IN",3999062,"Marion",8.74838709677419,45.6774193548387
83,"Knox","IN",3999062,"Spartanburg",7.71153846153846,39.1730769230769
83,"Richland","MT",5718,"Marion",8.74838709677419,45.6774193548387
83,"Richland","MT",5718,"Spartanburg",7.71153846153846,39.1730769230769
83,"Lyon","MN",76.44,"Marion",8.74838709677419,45.6774193548387
83,"Lyon","MN",76.44,"Spartanburg",7.71153846153846,39.1730769230769
83,"Halifax","VA",979192,"Marion",8.74838709677419,45.6774193548387
83,"Halifax","VA",979192,"Spartanburg",7.71153846153846,39.1730769230769
83,"Lincoln","SD",18995,"Marion",8.74838709677419,45.6774193548387
83,"Lincoln","SD",18995,"Spartanburg",7.71153846153846,39.1730769230769
83,"Logan","OK",86200,"Marion",8.74838709677419,45.6774193548387
83,"Logan","OK",86200,"Spartanburg",7.71153846153846,39.1730769230769
85,"Jackson","KS",965,"Martin",7.61290322580645,41.3548387096774
85,"Collin","TX",61304.999,"Martin",7.61290322580645,41.3548387096774
85,"Lake","OH",38,"Martin",7.61290322580645,41.3548387096774
85,"Lowndes","AL",495565,"Martin",7.61290322580645,41.3548387096774
85,"Hanover","VA",4583416.001,"Martin",7.61290322580645,41.3548387096774
85,"McLeod","MN",61344,"Martin",7.61290322580645,41.3548387096774
85,"Martin","FL",9527667.008,"Martin",7.61290322580645,41.3548387096774
85,"Roosevelt","MT",451453,"Martin",7.61290322580645,41.3548387096774
85,"Richmond","NY",NA,"Martin",7.61290322580645,41.3548387096774
85,"Humphreys","TN",845832.004,"Martin",7.61290322580645,41.3548387096774
85,"Santa Clara","CA",3845772.996,"Martin",7.61290322580645,41.3548387096774
85,"Oneida","WI",7133,"Martin",7.61290322580645,41.3548387096774
85,"Mercer","PA",3382,"Martin",7.61290322580645,41.3548387096774
86,"Miami Dade","FL",NA,"Miami-Dade",7.27218543046358,38.5695364238411
87,"Outagamie","WI",4744173,"Haywood",1.78571428571429,9.85714285714286
87,"Rockland","NY",NA,"Haywood",1.78571428571429,9.85714285714286
87,"Decatur","GA",1216,"Haywood",1.78571428571429,9.85714285714286
87,"Henrico","VA",64229.004,"Haywood",1.78571428571429,9.85714285714286
87,"Monroe","FL",6976,"Haywood",1.78571428571429,9.85714285714286
87,"Morgan","CO",2888534,"Haywood",1.78571428571429,9.85714285714286
87,"Haywood","NC",312129,"Haywood",1.78571428571429,9.85714285714286
87,"Henry","IA",623.004,"Haywood",1.78571428571429,9.85714285714286
87,"Lawrence","OH",9979375,"Haywood",1.78571428571429,9.85714285714286
87,"Lowndes","MS",5180003,"Haywood",1.78571428571429,9.85714285714286
87,"Santa Cruz","CA",59514.999,"Haywood",1.78571428571429,9.85714285714286
87,"St Bernard","LA",NA,"Haywood",1.78571428571429,9.85714285714286
87,"McClain","OK",2298880,"Haywood",1.78571428571429,9.85714285714286
87,"Rosebud","MT",11157302,"Haywood",1.78571428571429,9.85714285714286
87,"Union","SC",16910,"Haywood",1.78571428571429,9.85714285714286
89,"Ozaukee","WI",7695400,"Madison",7.3,39
89,"Ozaukee","WI",7695400,"DeKalb",9.81176470588235,46.9411764705882
89,"Otero","CO",-322,"Madison",7.3,39
89,"Otero","CO",-322,"DeKalb",9.81176470588235,46.9411764705882
89,"Howard","MO",NA,"Madison",7.3,39
89,"Howard","MO",NA,"DeKalb",9.81176470588235,46.9411764705882
89,"Monroe","PA",8,"Madison",7.3,39
89,"Monroe","PA",8,"DeKalb",9.81176470588235,46.9411764705882
89,"Shasta","CA",1137899,"Madison",7.3,39
89,"Shasta","CA",1137899,"DeKalb",9.81176470588235,46.9411764705882
89,"Henry","VA",109,"Madison",7.3,39
89,"Henry","VA",109,"DeKalb",9.81176470588235,46.9411764705882
89,"Kane","IL",74634.006,"Madison",7.3,39
89,"Kane","IL",74634.006,"DeKalb",9.81176470588235,46.9411764705882
89,"McCurtain","OK",437768,"Madison",7.3,39
89,"McCurtain","OK",437768,"DeKalb",9.81176470588235,46.9411764705882
89,"Nassau","FL",951253.181,"Madison",7.3,39
89,"Nassau","FL",951253.181,"DeKalb",9.81176470588235,46.9411764705882
89,"Howard","IA",5.88,"Madison",7.3,39
89,"Howard","IA",5.88,"DeKalb",9.81176470588235,46.9411764705882
89,"St Lawrence","NY",NA,"Madison",7.3,39
89,"St Lawrence","NY",NA,"DeKalb",9.81176470588235,46.9411764705882
89,"DeKalb","GA",49.98,"Madison",7.3,39
89,"DeKalb","GA",49.98,"DeKalb",9.81176470588235,46.9411764705882
89,"Greenup","KY",16335.999,"Madison",7.3,39
89,"Greenup","KY",16335.999,"DeKalb",9.81176470588235,46.9411764705882
89,"St Charles","LA",14450884,"Madison",7.3,39
89,"St Charles","LA",14450884,"DeKalb",9.81176470588235,46.9411764705882
89,"Lake","IN",5091283,"Madison",7.3,39
89,"Lake","IN",5091283,"DeKalb",9.81176470588235,46.9411764705882
89,"Colorado","TX",100551,"Madison",7.3,39
89,"Colorado","TX",100551,"DeKalb",9.81176470588235,46.9411764705882
89,"Holt","NE",19.999,"Madison",7.3,39
89,"Holt","NE",19.999,"DeKalb",9.81176470588235,46.9411764705882
91,"Highland","VA",142,"York",7.9741935483871,40.9032258064516
91,"Johnson","KS",181620,"York",7.9741935483871,40.9032258064516
91,"Marengo","AL",312556.222,"York",7.9741935483871,40.9032258064516
91,"York","SC",117,"York",7.9741935483871,40.9032258064516
91,"Kankakee","IL",23616,"York",7.9741935483871,40.9032258064516
91,"Hancock","KY",341551,"York",7.9741935483871,40.9032258064516
91,"Lenawee","MI",9720,"York",7.9741935483871,40.9032258064516
91,"Martin","MN",118018,"York",7.9741935483871,40.9032258064516
91,"Comal","TX",19964,"York",7.9741935483871,40.9032258064516
91,"Saratoga","NY",608647,"York",7.9741935483871,40.9032258064516
91,"Howell","MO",4019,"York",7.9741935483871,40.9032258064516
91,"Montgomery","PA",NA,"York",7.9741935483871,40.9032258064516
91,"LaPorte","IN",1432526,"York",7.9741935483871,40.9032258064516
93,"Livingston","MI",15,"Knox",9.87720207253886,48.0777202072539
93,"Stutsman","ND",197487,"Knox",9.87720207253886,48.0777202072539
93,"Isle of Wight","VA",207161.23,"Knox",9.87720207253886,48.0777202072539
93,"Silver Bow","MT",140930.001,"Knox",9.87720207253886,48.0777202072539
93,"Lawrence","IN",60349.998,"Knox",9.87720207253886,48.0777202072539
93,"Knox","TN",28582,"Knox",9.87720207253886,48.0777202072539
93,"Montour","PA",1326020,"Knox",9.87720207253886,48.0777202072539
93,"Kendall","IL",5094602,"Knox",9.87720207253886,48.0777202072539
93,"St James","LA",205719.81,"Knox",9.87720207253886,48.0777202072539
93,"Hardin","KY",10974.999,"Knox",9.87720207253886,48.0777202072539
93,"Siskiyou","CA",34042,"Knox",9.87720207253886,48.0777202072539
93,"Meeker","MN",219,"Knox",9.87720207253886,48.0777202072539
93,"Mississippi","AR",7259106,"Knox",9.87720207253886,48.0777202072539
93,"Okeechobee","FL",9904600,"Knox",9.87720207253886,48.0777202072539
93,"Lorain","OH",1220317.998,"Knox",9.87720207253886,48.0777202072539
95,"Mille Lacs","MN",220.999,"Hyde",3.7375,20.75
95,"Mille Lacs","MN",220.999,"Dougherty",9.56438356164384,45.6986301369863
95,"Marshall","AL",0,"Hyde",3.7375,20.75
95,"Marshall","AL",0,"Dougherty",9.56438356164384,45.6986301369863
95,"Lucas","OH",NA,"Hyde",3.7375,20.75
95,"Lucas","OH",NA,"Dougherty",9.56438356164384,45.6986301369863
95,"Jackson","MO",3586087.002,"Hyde",3.7375,20.75
95,"Jackson","MO",3586087.002,"Dougherty",9.56438356164384,45.6986301369863
95,"Solano","CA",463766,"Hyde",3.7375,20.75
95,"Solano","CA",463766,"Dougherty",9.56438356164384,45.6986301369863
95,"Iowa","IA",845.004,"Hyde",3.7375,20.75
95,"Iowa","IA",845.004,"Dougherty",9.56438356164384,45.6986301369863
95,"Luce","MI",0,"Hyde",3.7375,20.75
95,"Luce","MI",0,"Dougherty",9.56438356164384,45.6986301369863
95,"Northampton","PA",9343312.999,"Hyde",3.7375,20.75
95,"Northampton","PA",9343312.999,"Dougherty",9.56438356164384,45.6986301369863
95,"Orange","FL",10083859,"Hyde",3.7375,20.75
95,"Orange","FL",10083859,"Dougherty",9.56438356164384,45.6986301369863
95,"Hyde","NC",146,"Hyde",3.7375,20.75
95,"Hyde","NC",146,"Dougherty",9.56438356164384,45.6986301369863
95,"Kingman","KS",4665,"Hyde",3.7375,20.75
95,"Kingman","KS",4665,"Dougherty",9.56438356164384,45.6986301369863
95,"Polk","WI",10203,"Hyde",3.7375,20.75
95,"Polk","WI",10203,"Dougherty",9.56438356164384,45.6986301369863
95,"Madison","IN",56036,"Hyde",3.7375,20.75
95,"Madison","IN",56036,"Dougherty",9.56438356164384,45.6986301369863
95,"Dougherty","GA",333684,"Hyde",3.7375,20.75
95,"Dougherty","GA",333684,"Dougherty",9.56438356164384,45.6986301369863
97,"King and Queen","VA",61526.988,"Mobile",7.27647058823529,37.4705882352941
97,"Mayaguez","PR",5756,"Mobile",7.27647058823529,37.4705882352941
97,"Johnson","NE",-49,"Mobile",7.27647058823529,37.4705882352941
97,"Traill","ND",92328,"Mobile",7.27647058823529,37.4705882352941
97,"Jackson","IA",-315.002,"Mobile",7.27647058823529,37.4705882352941
97,"Marion","IN",1603932.419,"Mobile",7.27647058823529,37.4705882352941
97,"Sonoma","CA",65007,"Mobile",7.27647058823529,37.4705882352941
97,"Jasper","MO",2652906.999,"Mobile",7.27647058823529,37.4705882352941
97,"Iredell","NC",23744,"Mobile",7.27647058823529,37.4705882352941
97,"Portage","WI",16182,"Mobile",7.27647058823529,37.4705882352941
97,"Mobile","AL",15360096,"Mobile",7.27647058823529,37.4705882352941
97,"Northumberland","PA",106014,"Mobile",7.27647058823529,37.4705882352941
97,"Osceola","FL",4087265.003,"Mobile",7.27647058823529,37.4705882352941
97,"Lake","IL",1597925.001,"Mobile",7.27647058823529,37.4705882352941
97,"Mayes","OK",8360923,"Mobile",7.27647058823529,37.4705882352941
99,"Jefferson","MO",4942815,"Lawrence",3.6741935483871,20.5483870967742
99,"Jefferson","MO",4942815,"Palm Beach",6.10193548387097,32.9032258064516
99,"Early","GA",546064,"Lawrence",3.6741935483871,20.5483870967742
99,"Early","GA",546064,"Palm Beach",6.10193548387097,32.9032258064516
99,"Seneca","NY",107806.996,"Lawrence",3.6741935483871,20.5483870967742
99,"Seneca","NY",107806.996,"Palm Beach",6.10193548387097,32.9032258064516
99,"King George","VA",77678,"Lawrence",3.6741935483871,20.5483870967742
99,"King George","VA",77678,"Palm Beach",6.10193548387097,32.9032258064516
99,"Wayne","WV",656322,"Lawrence",3.6741935483871,20.5483870967742
99,"Wayne","WV",656322,"Palm Beach",6.10193548387097,32.9032258064516
99,"Stanislaus","CA",2204611.001,"Lawrence",3.6741935483871,20.5483870967742
99,"Stanislaus","CA",2204611.001,"Palm Beach",6.10193548387097,32.9032258064516
99,"Macomb","MI",135772.001,"Lawrence",3.6741935483871,20.5483870967742
99,"Macomb","MI",135772.001,"Palm Beach",6.10193548387097,32.9032258064516
99,"Monroe","AL",649510.43,"Lawrence",3.6741935483871,20.5483870967742
99,"Monroe","AL",649510.43,"Palm Beach",6.10193548387097,32.9032258064516
99,"Minnehaha","SD",114890,"Lawrence",3.6741935483871,20.5483870967742
99,"Minnehaha","SD",114890,"Palm Beach",6.10193548387097,32.9032258064516
99,"Mahoning","OH",94005.008,"Lawrence",3.6741935483871,20.5483870967742
99,"Mahoning","OH",94005.008,"Palm Beach",6.10193548387097,32.9032258064516
99,"Prowers","CO",7.001,"Lawrence",3.6741935483871,20.5483870967742
99,"Prowers","CO",7.001,"Palm Beach",6.10193548387097,32.9032258064516
99,"LaSalle","IL",-1328,"Lawrence",3.6741935483871,20.5483870967742
99,"LaSalle","IL",-1328,"Palm Beach",6.10193548387097,32.9032258064516
99,"Mower","MN",119100,"Lawrence",3.6741935483871,20.5483870967742
99,"Mower","MN",119100,"Palm Beach",6.10193548387097,32.9032258064516
99,"Walsh","ND",0,"Lawrence",3.6741935483871,20.5483870967742
99,"Walsh","ND",0,"Palm Beach",6.10193548387097,32.9032258064516
99,"Palm Beach","FL",27166351,"Lawrence",3.6741935483871,20.5483870967742
99,"Palm Beach","FL",27166351,"Palm Beach",6.10193548387097,32.9032258064516
99,"Marshall","IN",50966.999,"Lawrence",3.6741935483871,20.5483870967742
99,"Marshall","IN",50966.999,"Palm Beach",6.10193548387097,32.9032258064516
101,"Johnston","NC",8390,"Montgomery",7.04130434782609,37.5869565217391
101,"Johnston","NC",8390,"Johnston",5.67741935483871,31
101,"Racine","WI",46199,"Montgomery",7.04130434782609,37.5869565217391
101,"Racine","WI",46199,"Johnston",5.67741935483871,31
101,"Manistee","MI",586865.855,"Montgomery",7.04130434782609,37.5869565217391
101,"Manistee","MI",586865.855,"Johnston",5.67741935483871,31
101,"Sutter","CA",2860561,"Montgomery",7.04130434782609,37.5869565217391
101,"Sutter","CA",2860561,"Johnston",5.67741935483871,31
101,"Johnson","MO",194471.001,"Montgomery",7.04130434782609,37.5869565217391
101,"Johnson","MO",194471.001,"Johnston",5.67741935483871,31
101,"Pueblo","CO",6907065.999,"Montgomery",7.04130434782609,37.5869565217391
101,"Pueblo","CO",6907065.999,"Johnston",5.67741935483871,31
101,"Martin","IN",NA,"Montgomery",7.04130434782609,37.5869565217391
101,"Martin","IN",NA,"Johnston",5.67741935483871,31
101,"Muskogee","OK",2655845.607,"Montgomery",7.04130434782609,37.5869565217391
101,"Muskogee","OK",2655845.607,"Johnston",5.67741935483871,31
101,"St Mary","LA",606727,"Montgomery",7.04130434782609,37.5869565217391
101,"St Mary","LA",606727,"Johnston",5.67741935483871,31
101,"Pasco","FL",3157155.999,"Montgomery",7.04130434782609,37.5869565217391
101,"Pasco","FL",3157155.999,"Johnston",5.67741935483871,31
101,"Marion","OH",31148,"Montgomery",7.04130434782609,37.5869565217391
101,"Marion","OH",31148,"Johnston",5.67741935483871,31
101,"King William","VA",492041,"Montgomery",7.04130434782609,37.5869565217391
101,"King William","VA",492041,"Johnston",5.67741935483871,31
101,"Philadelphia","PA",1219876,"Montgomery",7.04130434782609,37.5869565217391
101,"Philadelphia","PA",1219876,"Johnston",5.67741935483871,31
103,"Crane","TX",NA,"Pinellas",7.40849673202614,40.3398692810458
103,"Crane","TX",NA,"Morgan",7.41388888888889,39.6111111111111
103,"Pennington","SD",31080,"Pinellas",7.40849673202614,40.3398692810458
103,"Pennington","SD",31080,"Morgan",7.41388888888889,39.6111111111111
103,"Pinellas","FL",7058966,"Pinellas",7.40849673202614,40.3398692810458
103,"Pinellas","FL",7058966,"Morgan",7.41388888888889,39.6111111111111
103,"Ouachita","AR",45993,"Pinellas",7.40849673202614,40.3398692810458
103,"Ouachita","AR",45993,"Morgan",7.41388888888889,39.6111111111111
103,"Johnson","IA",54405.695,"Pinellas",7.40849673202614,40.3398692810458
103,"Johnson","IA",54405.695,"Morgan",7.41388888888889,39.6111111111111
103,"Noble","OK",2689342,"Pinellas",7.40849673202614,40.3398692810458
103,"Noble","OK",2689342,"Morgan",7.41388888888889,39.6111111111111
103,"Marquette","MI",644844.004,"Pinellas",7.40849673202614,40.3398692810458
103,"Marquette","MI",644844.004,"Morgan",7.41388888888889,39.6111111111111
103,"Effingham","GA",11449151,"Pinellas",7.40849673202614,40.3398692810458
103,"Effingham","GA",11449151,"Morgan",7.41388888888889,39.6111111111111
103,"Tehama","CA",14789.008,"Pinellas",7.40849673202614,40.3398692810458
103,"Tehama","CA",14789.008,"Morgan",7.41388888888889,39.6111111111111
103,"Morgan","AL",7815396,"Pinellas",7.40849673202614,40.3398692810458
103,"Morgan","AL",7815396,"Morgan",7.41388888888889,39.6111111111111
103,"Lee","IL",2766766,"Pinellas",7.40849673202614,40.3398692810458
103,"Lee","IL",2766766,"Morgan",7.41388888888889,39.6111111111111
103,"Medina","OH",486.001,"Pinellas",7.40849673202614,40.3398692810458
103,"Medina","OH",486.001,"Morgan",7.41388888888889,39.6111111111111
103,"SUFFOLK","NY",31642,"Pinellas",7.40849673202614,40.3398692810458
103,"SUFFOLK","NY",31642,"Morgan",7.41388888888889,39.6111111111111
103,"Richland","WI",9628,"Pinellas",7.40849673202614,40.3398692810458
103,"Richland","WI",9628,"Morgan",7.41388888888889,39.6111111111111
103,"Suffolk","NY",NA,"Pinellas",7.40849673202614,40.3398692810458
103,"Suffolk","NY",NA,"Morgan",7.41388888888889,39.6111111111111
103,"Miami","IN",7,"Pinellas",7.40849673202614,40.3398692810458
103,"Miami","IN",7,"Morgan",7.41388888888889,39.6111111111111
105,"Williams","ND",735701.001,"Loudon",6.58474576271186,35.6440677966102
105,"Williams","ND",735701.001,"Polk",8.40806451612903,43.241935483871
105,"Rock","WI",5889164.279,"Loudon",6.58474576271186,35.6440677966102
105,"Rock","WI",5889164.279,"Polk",8.40806451612903,43.241935483871
105,"Mason","MI",1074200,"Loudon",6.58474576271186,35.6440677966102
105,"Mason","MI",1074200,"Polk",8.40806451612903,43.241935483871
105,"Loudon","TN",386984,"Loudon",6.58474576271186,35.6440677966102
105,"Loudon","TN",386984,"Polk",8.40806451612903,43.241935483871
105,"Polk","FL",26720533.78,"Loudon",6.58474576271186,35.6440677966102
105,"Polk","FL",26720533.78,"Polk",8.40806451612903,43.241935483871
105,"Livingston","IL",62037,"Loudon",6.58474576271186,35.6440677966102
105,"Livingston","IL",62037,"Polk",8.40806451612903,43.241935483871
105,"Kimball","NE",142.001,"Loudon",6.58474576271186,35.6440677966102
105,"Kimball","NE",142.001,"Polk",8.40806451612903,43.241935483871
105,"Nobles","MN",21,"Loudon",6.58474576271186,35.6440677966102
105,"Nobles","MN",21,"Polk",8.40806451612903,43.241935483871
105,"Lincoln","KS",38.001,"Loudon",6.58474576271186,35.6440677966102
105,"Lincoln","KS",38.001,"Polk",8.40806451612903,43.241935483871
105,"Hoonah-Angoon","AK",5772.001,"Loudon",6.58474576271186,35.6440677966102
105,"Hoonah-Angoon","AK",5772.001,"Polk",8.40806451612903,43.241935483871
107,"Schuylkill","PA",1486310.006,"McMinn",5.95483870967742,32.258064516129
107,"Putnam","FL",6785309,"McMinn",5.95483870967742,32.258064516129
107,"McMinn","TN",25045.4,"McMinn",5.95483870967742,32.258064516129
107,"Loudoun","VA",3500283.8,"McMinn",5.95483870967742,32.258064516129
107,"Tulare","CA",101932,"McMinn",5.95483870967742,32.258064516129
107,"Okfuskee","OK",4182,"McMinn",5.95483870967742,32.258064516129
107,"Routt","CO",2945081,"McMinn",5.95483870967742,32.258064516129
107,"Montgomery","IN",0,"McMinn",5.95483870967742,32.258064516129
107,"Linn","KS",6552316,"McMinn",5.95483870967742,32.258064516129
107,"Lafayette","MO",12500.999,"McMinn",5.95483870967742,32.258064516129
107,"Panola","MS",4072699,"McMinn",5.95483870967742,32.258064516129
107,"Lenoir","NC",1664,"McMinn",5.95483870967742,32.258064516129
107,"Norman","MN",17,"McMinn",5.95483870967742,32.258064516129
107,"Rusk","WI",16894,"McMinn",5.95483870967742,32.258064516129
113,"Warren","NY",122763.79,"Madison",6.28387096774194,34.8064516129032
113,"Warren","NY",122763.79,"Russell",9.58787878787879,46.1212121212121
113,"Warren","NY",122763.79,"Santa Rosa",8.28064516129032,41.3548387096774
113,"Dallas","TX",1155860,"Madison",6.28387096774194,34.8064516129032
113,"Dallas","TX",1155860,"Russell",9.58787878787879,46.1212121212121
113,"Dallas","TX",1155860,"Santa Rosa",8.28064516129032,41.3548387096774
113,"Yolo","CA",200632.001,"Madison",6.28387096774194,34.8064516129032
113,"Yolo","CA",200632.001,"Russell",9.58787878787879,46.1212121212121
113,"Yolo","CA",200632.001,"Santa Rosa",8.28064516129032,41.3548387096774
113,"McPherson","KS",39959.999,"Madison",6.28387096774194,34.8064516129032
113,"McPherson","KS",39959.999,"Russell",9.58787878787879,46.1212121212121
113,"McPherson","KS",39959.999,"Santa Rosa",8.28064516129032,41.3548387096774
113,"Montgomery","OH",1173764.003,"Madison",6.28387096774194,34.8064516129032
113,"Montgomery","OH",1173764.003,"Russell",9.58787878787879,46.1212121212121
113,"Montgomery","OH",1173764.003,"Santa Rosa",8.28064516129032,41.3548387096774
113,"Osage","OK",16493,"Madison",6.28387096774194,34.8064516129032
113,"Osage","OK",16493,"Russell",9.58787878787879,46.1212121212121
113,"Osage","OK",16493,"Santa Rosa",8.28064516129032,41.3548387096774
113,"Santa Rosa","FL",1397625.001,"Madison",6.28387096774194,34.8064516129032
113,"Santa Rosa","FL",1397625.001,"Russell",9.58787878787879,46.1212121212121
113,"Santa Rosa","FL",1397625.001,"Santa Rosa",8.28064516129032,41.3548387096774
113,"McLean","IL",15.999,"Madison",6.28387096774194,34.8064516129032
113,"McLean","IL",15.999,"Russell",9.58787878787879,46.1212121212121
113,"McLean","IL",15.999,"Santa Rosa",8.28064516129032,41.3548387096774
113,"Sawyer","WI",-84,"Madison",6.28387096774194,34.8064516129032
113,"Sawyer","WI",-84,"Russell",9.58787878787879,46.1212121212121
113,"Sawyer","WI",-84,"Santa Rosa",8.28064516129032,41.3548387096774
113,"Russell","AL",743639.64,"Madison",6.28387096774194,34.8064516129032
113,"Russell","AL",743639.64,"Russell",9.58787878787879,46.1212121212121
113,"Russell","AL",743639.64,"Santa Rosa",8.28064516129032,41.3548387096774
113,"Linn","IA",1054233.88,"Madison",6.28387096774194,34.8064516129032
113,"Linn","IA",1054233.88,"Russell",9.58787878787879,46.1212121212121
113,"Linn","IA",1054233.88,"Santa Rosa",8.28064516129032,41.3548387096774
113,"Missaukee","MI",132119,"Madison",6.28387096774194,34.8064516129032
113,"Missaukee","MI",132119,"Russell",9.58787878787879,46.1212121212121
113,"Missaukee","MI",132119,"Santa Rosa",8.28064516129032,41.3548387096774
115,"Macon","IL",1405028,"Floyd",5.41935483870968,29.6451612903226
115,"Macon","IL",1405028,"Sarasota",8.27717391304348,44.0326086956522
115,"Monroe","MI",15349520,"Floyd",5.41935483870968,29.6451612903226
115,"Monroe","MI",15349520,"Sarasota",8.27717391304348,44.0326086956522
115,"Yuba","CA",26878,"Floyd",5.41935483870968,29.6451612903226
115,"Yuba","CA",26878,"Sarasota",8.27717391304348,44.0326086956522
115,"Sedgwick","CO",0,"Floyd",5.41935483870968,29.6451612903226
115,"Sedgwick","CO",0,"Sarasota",8.27717391304348,44.0326086956522
115,"Louisa","IA",3151308,"Floyd",5.41935483870968,29.6451612903226
115,"Louisa","IA",3151308,"Sarasota",8.27717391304348,44.0326086956522
115,"Sarasota","FL",31579,"Floyd",5.41935483870968,29.6451612903226
115,"Sarasota","FL",31579,"Sarasota",8.27717391304348,44.0326086956522
115,"Linn","MO",8,"Floyd",5.41935483870968,29.6451612903226
115,"Linn","MO",8,"Sarasota",8.27717391304348,44.0326086956522
115,"Pine","MN",749,"Floyd",5.41935483870968,29.6451612903226
115,"Pine","MN",749,"Sarasota",8.27717391304348,44.0326086956522
115,"Floyd","GA",416001,"Floyd",5.41935483870968,29.6451612903226
115,"Floyd","GA",416001,"Sarasota",8.27717391304348,44.0326086956522
115,"Susquehanna","PA",46633,"Floyd",5.41935483870968,29.6451612903226
115,"Susquehanna","PA",46633,"Sarasota",8.27717391304348,44.0326086956522
115,"Washington","NY",66032,"Floyd",5.41935483870968,29.6451612903226
115,"Washington","NY",66032,"Sarasota",8.27717391304348,44.0326086956522
117,"Shelby","AL",4044923,"Seminole",7.75230769230769,40.9692307692308
117,"Seminole","FL",19269,"Seminole",7.75230769230769,40.9692307692308
117,"Montcalm","MI",372825,"Seminole",7.75230769230769,40.9692307692308
117,"Washington","LA",822178.027,"Seminole",7.75230769230769,40.9692307692308
117,"Wayne","NY",629,"Seminole",7.75230769230769,40.9692307692308
117,"Martin","NC",339794.88,"Seminole",7.75230769230769,40.9692307692308
117,"Livingston","MO",11732,"Seminole",7.75230769230769,40.9692307692308
117,"Tioga","PA",2804,"Seminole",7.75230769230769,40.9692307692308
117,"Sheboygan","WI",2335701,"Seminole",7.75230769230769,40.9692307692308
117,"Stanley","SD",32.34,"Seminole",7.75230769230769,40.9692307692308
119,"Polk","MN",66329.55,"Mecklenburg",7.88857142857143,40.0095238095238
119,"Polk","MN",66329.55,"Sumter",4.70322580645161,25.9677419354839
119,"Polk","MN",66329.55,"Maury",4.56129032258065,24.258064516129
119,"Muskingum","OH",4466737,"Mecklenburg",7.88857142857143,40.0095238095238
119,"Muskingum","OH",4466737,"Sumter",4.70322580645161,25.9677419354839
119,"Muskingum","OH",4466737,"Maury",4.56129032258065,24.258064516129
119,"Payne","OK",137535.001,"Mecklenburg",7.88857142857143,40.0095238095238
119,"Payne","OK",137535.001,"Sumter",4.70322580645161,25.9677419354839
119,"Payne","OK",137535.001,"Maury",4.56129032258065,24.258064516129
119,"Meade","KS",78,"Mecklenburg",7.88857142857143,40.0095238095238
119,"Meade","KS",78,"Sumter",4.70322580645161,25.9677419354839
119,"Meade","KS",78,"Maury",4.56129032258065,24.258064516129
119,"Madison","NE",5,"Mecklenburg",7.88857142857143,40.0095238095238
119,"Madison","NE",5,"Sumter",4.70322580645161,25.9677419354839
119,"Madison","NE",5,"Maury",4.56129032258065,24.258064516129
119,"Middlesex","VA",48318,"Mecklenburg",7.88857142857143,40.0095238095238
119,"Middlesex","VA",48318,"Sumter",4.70322580645161,25.9677419354839
119,"Middlesex","VA",48318,"Maury",4.56129032258065,24.258064516129
119,"Pulaski","AR",1023525,"Mecklenburg",7.88857142857143,40.0095238095238
119,"Pulaski","AR",1023525,"Sumter",4.70322580645161,25.9677419354839
119,"Pulaski","AR",1023525,"Maury",4.56129032258065,24.258064516129
119,"Montmorency","MI",0,"Mecklenburg",7.88857142857143,40.0095238095238
119,"Montmorency","MI",0,"Sumter",4.70322580645161,25.9677419354839
119,"Montmorency","MI",0,"Maury",4.56129032258065,24.258064516129
119,"Westchester","NY",NA,"Mecklenburg",7.88857142857143,40.0095238095238
119,"Westchester","NY",NA,"Sumter",4.70322580645161,25.9677419354839
119,"Westchester","NY",NA,"Maury",4.56129032258065,24.258064516129
119,"Mecklenburg","NC",34323,"Mecklenburg",7.88857142857143,40.0095238095238
119,"Mecklenburg","NC",34323,"Sumter",4.70322580645161,25.9677419354839
119,"Mecklenburg","NC",34323,"Maury",4.56129032258065,24.258064516129
119,"Lyon","IA",14,"Mecklenburg",7.88857142857143,40.0095238095238
119,"Lyon","IA",14,"Sumter",4.70322580645161,25.9677419354839
119,"Lyon","IA",14,"Maury",4.56129032258065,24.258064516129
119,"Madison","IL",570281.999,"Mecklenburg",7.88857142857143,40.0095238095238
119,"Madison","IL",570281.999,"Sumter",4.70322580645161,25.9677419354839
119,"Madison","IL",570281.999,"Maury",4.56129032258065,24.258064516129
119,"Union","PA",44551,"Mecklenburg",7.88857142857143,40.0095238095238
119,"Union","PA",44551,"Sumter",4.70322580645161,25.9677419354839
119,"Union","PA",44551,"Maury",4.56129032258065,24.258064516129
119,"Franklin","GA",392026,"Mecklenburg",7.88857142857143,40.0095238095238
119,"Franklin","GA",392026,"Sumter",4.70322580645161,25.9677419354839
119,"Franklin","GA",392026,"Maury",4.56129032258065,24.258064516129
121,"Montgomery","VA",55135,"Mitchell",6.14193548387097,32.1935483870968
121,"Montgomery","VA",55135,"Fulton",8.83275862068965,44.8275862068966
121,"Muskegon","MI",5450,"Mitchell",6.14193548387097,32.1935483870968
121,"Muskegon","MI",5450,"Fulton",8.83275862068965,44.8275862068966
121,"Denton","TX",555851.004,"Mitchell",6.14193548387097,32.1935483870968
121,"Denton","TX",555851.004,"Fulton",8.83275862068965,44.8275862068966
121,"West Baton Rouge","LA",32423,"Mitchell",6.14193548387097,32.1935483870968
121,"West Baton Rouge","LA",32423,"Fulton",8.83275862068965,44.8275862068966
121,"Suwannee","FL",81735,"Mitchell",6.14193548387097,32.1935483870968
121,"Suwannee","FL",81735,"Fulton",8.83275862068965,44.8275862068966
121,"Pittsburg","OK",4843211,"Mitchell",6.14193548387097,32.1935483870968
121,"Pittsburg","OK",4843211,"Fulton",8.83275862068965,44.8275862068966
121,"Madison","IA",59.999,"Mitchell",6.14193548387097,32.1935483870968
121,"Madison","IA",59.999,"Fulton",8.83275862068965,44.8275862068966
121,"Venango","PA",407632,"Mitchell",6.14193548387097,32.1935483870968
121,"Venango","PA",407632,"Fulton",8.83275862068965,44.8275862068966
121,"Talladega","AL",252268,"Mitchell",6.14193548387097,32.1935483870968
121,"Talladega","AL",252268,"Fulton",8.83275862068965,44.8275862068966
121,"Miami","KS",46900.997,"Mitchell",6.14193548387097,32.1935483870968
121,"Miami","KS",46900.997,"Fulton",8.83275862068965,44.8275862068966
121,"Marion","IL",224,"Mitchell",6.14193548387097,32.1935483870968
121,"Marion","IL",224,"Fulton",8.83275862068965,44.8275862068966
121,"Macon","MO",90342,"Mitchell",6.14193548387097,32.1935483870968
121,"Macon","MO",90342,"Fulton",8.83275862068965,44.8275862068966
121,"Fulton","GA",NA,"Mitchell",6.14193548387097,32.1935483870968
121,"Fulton","GA",NA,"Fulton",8.83275862068965,44.8275862068966
121,"Wyoming","NY",15157.35,"Mitchell",6.14193548387097,32.1935483870968
121,"Wyoming","NY",15157.35,"Fulton",8.83275862068965,44.8275862068966
121,"Trempealeau","WI",180.999,"Mitchell",6.14193548387097,32.1935483870968
121,"Trempealeau","WI",180.999,"Fulton",8.83275862068965,44.8275862068966
123,"Mitchell","KS",210,"Montgomery",7.23666666666667,38.4333333333333
123,"Weld","CO",6599412,"Montgomery",7.23666666666667,38.4333333333333
123,"Madison","MO",18976,"Montgomery",7.23666666666667,38.4333333333333
123,"Ottawa","OH",195.001,"Montgomery",7.23666666666667,38.4333333333333
123,"Montgomery","NC",42481.998,"Montgomery",7.23666666666667,38.4333333333333
123,"Warren","PA",11094,"Montgomery",7.23666666666667,38.4333333333333
123,"Ramsey","MN",1994774,"Montgomery",7.23666666666667,38.4333333333333
123,"Newaygo","MI",12441,"Montgomery",7.23666666666667,38.4333333333333
123,"Yates","NY",543006,"Montgomery",7.23666666666667,38.4333333333333
123,"Vernon","WI",13,"Montgomery",7.23666666666667,38.4333333333333
123,"Taylor","FL",270548.767,"Montgomery",7.23666666666667,38.4333333333333
123,"Salinas","PR",2611990,"Montgomery",7.23666666666667,38.4333333333333
123,"Tallapoosa","AL",5116770,"Montgomery",7.23666666666667,38.4333333333333
125,"Oakland","MI",46783,"Tuscaloosa",5.59090909090909,31.2727272727273
125,"Oakland","MI",46783,"Montgomery",5.52258064516129,29.0967741935484
125,"Washington","PA",37893,"Tuscaloosa",5.59090909090909,31.2727272727273
125,"Washington","PA",37893,"Montgomery",5.52258064516129,29.0967741935484
125,"Marion","IA",931.998,"Tuscaloosa",5.59090909090909,31.2727272727273
125,"Marion","IA",931.998,"Montgomery",5.52258064516129,29.0967741935484
125,"Pike","IN",8016894.999,"Tuscaloosa",5.59090909090909,31.2727272727273
125,"Pike","IN",8016894.999,"Montgomery",5.52258064516129,29.0967741935484
125,"Laurel","KY",10251,"Tuscaloosa",5.59090909090909,31.2727272727273
125,"Laurel","KY",10251,"Montgomery",5.52258064516129,29.0967741935484
125,"Montgomery","KS",94225,"Tuscaloosa",5.59090909090909,31.2727272727273
125,"Montgomery","KS",94225,"Montgomery",5.52258064516129,29.0967741935484
125,"Turner","SD",31745,"Tuscaloosa",5.59090909090909,31.2727272727273
125,"Turner","SD",31745,"Montgomery",5.52258064516129,29.0967741935484
125,"West Feliciana","LA",120063,"Tuscaloosa",5.59090909090909,31.2727272727273
125,"West Feliciana","LA",120063,"Montgomery",5.52258064516129,29.0967741935484
125,"Montgomery","TN",12954,"Tuscaloosa",5.59090909090909,31.2727272727273
125,"Montgomery","TN",12954,"Montgomery",5.52258064516129,29.0967741935484
127,"Oceana","MI",0,"Volusia",8.16451612903226,43.1612903225806
127,"Oceana","MI",0,"Glynn",9.07638888888889,44.25
127,"Perry","OH",31256.001,"Volusia",8.16451612903226,43.1612903225806
127,"Perry","OH",31256.001,"Glynn",9.07638888888889,44.25
127,"Redwood","MN",471.999,"Volusia",8.16451612903226,43.1612903225806
127,"Redwood","MN",471.999,"Glynn",9.07638888888889,44.25
127,"San Juan","PR",NA,"Volusia",8.16451612903226,43.1612903225806
127,"San Juan","PR",NA,"Glynn",9.07638888888889,44.25
127,"Porter","IN",1286272,"Volusia",8.16451612903226,43.1612903225806
127,"Porter","IN",1286272,"Glynn",9.07638888888889,44.25
127,"Marshall","IA",2795986.92,"Volusia",8.16451612903226,43.1612903225806
127,"Marshall","IA",2795986.92,"Glynn",9.07638888888889,44.25
127,"Glynn","GA",469177.998,"Volusia",8.16451612903226,43.1612903225806
127,"Glynn","GA",469177.998,"Glynn",9.07638888888889,44.25
127,"Volusia","FL",9267266.002,"Volusia",8.16451612903226,43.1612903225806
127,"Volusia","FL",9267266.002,"Glynn",9.07638888888889,44.25
127,"Nemaha","NE",59,"Volusia",8.16451612903226,43.1612903225806
127,"Nemaha","NE",59,"Glynn",9.07638888888889,44.25
127,"Dimmit","TX",-203,"Volusia",8.16451612903226,43.1612903225806
127,"Dimmit","TX",-203,"Glynn",9.07638888888889,44.25
127,"GLYNN","GA",718.77,"Volusia",8.16451612903226,43.1612903225806
127,"GLYNN","GA",718.77,"Glynn",9.07638888888889,44.25
127,"Lawrence","KY",1160864,"Volusia",8.16451612903226,43.1612903225806
127,"Lawrence","KY",1160864,"Glynn",9.07638888888889,44.25
127,"Massac","IL",3622746,"Volusia",8.16451612903226,43.1612903225806
127,"Massac","IL",3622746,"Glynn",9.07638888888889,44.25
129,"Westmoreland","PA",6998619,"New Hanover",6.29139784946237,34.258064516129
129,"Westmoreland","PA",6998619,"Wakulla",6.59019607843137,35.5490196078431
129,"New Hanover","NC",3927306,"New Hanover",6.29139784946237,34.258064516129
129,"New Hanover","NC",3927306,"Wakulla",6.59019607843137,35.5490196078431
129,"Posey","IN",3573349,"New Hanover",6.29139784946237,34.258064516129
129,"Posey","IN",3573349,"Wakulla",6.59019607843137,35.5490196078431
129,"Washington","AL",1639629,"New Hanover",6.29139784946237,34.258064516129
129,"Washington","AL",1639629,"Wakulla",6.59019607843137,35.5490196078431
129,"Wakulla","FL",1354941,"New Hanover",6.29139784946237,34.258064516129
129,"Wakulla","FL",1354941,"Wakulla",6.59019607843137,35.5490196078431
129,"Pickaway","OH",344734.002,"New Hanover",6.29139784946237,34.258064516129
129,"Pickaway","OH",344734.002,"Wakulla",6.59019607843137,35.5490196078431
129,"Renville","MN",23999,"New Hanover",6.29139784946237,34.258064516129
129,"Renville","MN",23999,"Wakulla",6.59019607843137,35.5490196078431
129,"Smith","MS",287788.999,"New Hanover",6.29139784946237,34.258064516129
129,"Smith","MS",287788.999,"Wakulla",6.59019607843137,35.5490196078431
131,"Northampton","VA",1780.998,"Northampton",5.38064516129032,29.0967741935484
131,"Wyoming","PA",893692,"Northampton",5.38064516129032,29.0967741935484
131,"Otoe","NE",7152686,"Northampton",5.38064516129032,29.0967741935484
131,"Nemaha","KS",-384.002,"Northampton",5.38064516129032,29.0967741935484
131,"Wilcox","AL",427148,"Northampton",5.38064516129032,29.0967741935484
131,"Washington","WI",98170.002,"Northampton",5.38064516129032,29.0967741935484
131,"Rogers","OK",4640654,"Northampton",5.38064516129032,29.0967741935484
131,"Rice","MN",644014,"Northampton",5.38064516129032,29.0967741935484
135,"Monroe","IA",104150.3,"Gwinnett",9.40967741935484,46.6612903225806
135,"Orange","NC",34773,"Gwinnett",9.40967741935484,46.6612903225806
135,"Gwinnett","GA",51496.001,"Gwinnett",9.40967741935484,46.6612903225806
135,"Ector","TX",NA,"Gwinnett",9.40967741935484,46.6612903225806
139,"Ottawa","MI",12869018.001,"Hall",8.9241935483871,45.0645161290323
139,"Osage","KS",-26.001,"Hall",8.9241935483871,45.0645161290323
139,"Moultrie","IL",289,"Hall",8.9241935483871,45.0645161290323
139,"Pierce","NE",0,"Hall",8.9241935483871,45.0645161290323
139,"Richland","OH",2790.999,"Hall",8.9241935483871,45.0645161290323
139,"Union","AR",12788417,"Hall",8.9241935483871,45.0645161290323
139,"Muscatine","IA",802911.058,"Hall",8.9241935483871,45.0645161290323
139,"Ellis","TX",6297585,"Hall",8.9241935483871,45.0645161290323
139,"Winnebago","WI",509662.001,"Hall",8.9241935483871,45.0645161290323
139,"Scott","MN",152614,"Hall",8.9241935483871,45.0645161290323
141,"Ogle","IL",36013,"Putnam",6.47096774193548,34.1612903225806
141,"Wood","WI",394593.136,"Putnam",6.47096774193548,34.1612903225806
141,"Osborne","KS",28.419,"Putnam",6.47096774193548,34.1612903225806
141,"Ross","OH",345488.994,"Putnam",6.47096774193548,34.1612903225806
141,"El Paso","TX",3907319.999,"Putnam",6.47096774193548,34.1612903225806
141,"Sherburne","MN",9858574.001,"Putnam",6.47096774193548,34.1612903225806
141,"Platte","NE",284996,"Putnam",6.47096774193548,34.1612903225806
141,"St Joseph","IN",5101879.052,"Putnam",6.47096774193548,34.1612903225806
141,"O'Brien","IA",0,"Putnam",6.47096774193548,34.1612903225806
145,"Perry","IL",31073,"Roane",6.47096774193548,35.3548387096774
145,"Person","NC",6551940,"Roane",6.47096774193548,35.3548387096774
145,"Red Willow","NE",2430,"Roane",6.47096774193548,35.3548387096774
145,"Roane","TN",3126432,"Roane",6.47096774193548,35.3548387096774
145,"Pawnee","KS",-311799.999,"Roane",6.47096774193548,35.3548387096774
145,"McCracken","KY",6061527,"Roane",6.47096774193548,35.3548387096774
145,"Shelby","IN",33027,"Roane",6.47096774193548,35.3548387096774
145,"Saginaw","MI",24656,"Roane",6.47096774193548,35.3548387096774
145,"Stearns","MN",84,"Roane",6.47096774193548,35.3548387096774
145,"Page","IA",91,"Roane",6.47096774193548,35.3548387096774
145,"Scioto","OH",320766,"Roane",6.47096774193548,35.3548387096774
145,"Wagoner","OK",4045619,"Roane",6.47096774193548,35.3548387096774
147,"Nodaway","MO",20004,"Pitt",4.64516129032258,25.6129032258065
147,"Piatt","IL",-565.002,"Pitt",4.64516129032258,25.6129032258065
147,"Phillips","KS",781.82,"Pitt",4.64516129032258,25.6129032258065
147,"St Clair","MI",13780766.001,"Pitt",4.64516129032258,25.6129032258065
147,"Seneca","OH",18346.58,"Pitt",4.64516129032258,25.6129032258065
147,"Pitt","NC",3770,"Pitt",4.64516129032258,25.6129032258065
147,"Woodruff","AR",NA,"Pitt",4.64516129032258,25.6129032258065
147,"Palo Alto","IA",286.001,"Pitt",4.64516129032258,25.6129032258065
147,"Hart","GA",290507,"Pitt",4.64516129032258,25.6129032258065
147,"Richardson","NE",161.997,"Pitt",4.64516129032258,25.6129032258065
147,"Walthall","MS",NA,"Pitt",4.64516129032258,25.6129032258065
147,"Spencer","IN",4500501,"Pitt",4.64516129032258,25.6129032258065
147,"Steele","MN",33621,"Pitt",4.64516129032258,25.6129032258065
151,"Woods","OK",18221.001,"Henry",5.47741935483871,30.258064516129
151,"Sanilac","MI",225,"Henry",5.47741935483871,30.258064516129
151,"Washington","MS",755886,"Henry",5.47741935483871,30.258064516129
151,"Swift","MN",136,"Henry",5.47741935483871,30.258064516129
151,"Pratt","KS",1585,"Henry",5.47741935483871,30.258064516129
151,"Pocahontas","IA",347,"Henry",5.47741935483871,30.258064516129
151,"Saline","NE",91,"Henry",5.47741935483871,30.258064516129
153,"Richmond","NC",10117829,"Houston",8.46944444444444,42.7083333333333
153,"Sarpy","NE",149917,"Houston",8.46944444444444,42.7083333333333
153,"Prince William","VA",1816891,"Houston",8.46944444444444,42.7083333333333
153,"Sullivan","IN",NA,"Houston",8.46944444444444,42.7083333333333
153,"Polk","IA",1596446.442,"Houston",8.46944444444444,42.7083333333333
153,"Houston","GA",471802,"Houston",8.46944444444444,42.7083333333333
153,"Summit","OH",NA,"Houston",8.46944444444444,42.7083333333333
153,"Schoolcraft","MI",1323,"Houston",8.46944444444444,42.7083333333333
153,"Woodward","OK",95886,"Houston",8.46944444444444,42.7083333333333
157,"Shelby","TN",5433169.996,"Shelby",7.10117647058824,38.6
157,"Tippecanoe","IN",624722.92,"Shelby",7.10117647058824,38.6
157,"Tuscola","MI",15424.85,"Shelby",7.10117647058824,38.6
157,"Fort Bend","TX",16789055.01,"Shelby",7.10117647058824,38.6
157,"Scotts Bluff","NE",9175,"Shelby",7.10117647058824,38.6
157,"Rockingham","NC",5549175,"Shelby",7.10117647058824,38.6
157,"Marshall","KY",671987,"Shelby",7.10117647058824,38.6
157,"Tuscarawas","OH",78501,"Shelby",7.10117647058824,38.6
157,"Poweshiek","IA",1062.001,"Shelby",7.10117647058824,38.6
157,"Jackson","GA",316264,"Shelby",7.10117647058824,38.6
157,"Republic","KS",326.999,"Shelby",7.10117647058824,38.6
157,"Randolph","IL",5923080,"Shelby",7.10117647058824,38.6
159,"Van Buren","MI",6803547,"Rowan",8.78064516129032,44.1290322580645
159,"Rice","KS",114377.999,"Rowan",8.78064516129032,44.1290322580645
159,"Richmond","VA",19824,"Rowan",8.78064516129032,44.1290322580645
159,"Rowan","NC",9341433.001,"Rowan",8.78064516129032,44.1290322580645
163,"Pike","MO",135223,"Sullivan",6.27666666666667,34.5
163,"Frio","TX",497647.992,"Sullivan",6.27666666666667,34.5
163,"St Clair","IL",11628270.002,"Sullivan",6.27666666666667,34.5
163,"Rooks","KS",-157.999,"Sullivan",6.27666666666667,34.5
163,"Scott","IA",7913,"Sullivan",6.27666666666667,34.5
163,"Sullivan","TN",1037290,"Sullivan",6.27666666666667,34.5
163,"Yazoo","MS",150494,"Sullivan",6.27666666666667,34.5
163,"Vinton","OH",1402678,"Sullivan",6.27666666666667,34.5
163,"Washington","MN",1764787,"Sullivan",6.27666666666667,34.5
163,"Wayne","MI",5642827.005,"Sullivan",6.27666666666667,34.5
165,"Vermillion","IN",4925585,"Sumner",7.11463414634146,36.4390243902439
165,"Rockingham","VA",22072,"Sumner",7.11463414634146,36.4390243902439
165,"Sumner","TN",4450512,"Sumner",7.11463414634146,36.4390243902439
165,"Rush","KS",85,"Sumner",7.11463414634146,36.4390243902439
165,"Platte","MO",5868322,"Sumner",7.11463414634146,36.4390243902439
165,"Watonwan","MN",-70.999,"Sumner",7.11463414634146,36.4390243902439
165,"Shelby","IA",0,"Sumner",7.11463414634146,36.4390243902439
165,"Wexford","MI",138451,"Sumner",7.11463414634146,36.4390243902439
173,"Wood","OH",1029834,"Swain",5.2265306122449,28.8469387755102
173,"Sedgwick","KS",189649.998,"Swain",5.2265306122449,28.8469387755102
173,"Shelby","IL",2113763,"Swain",5.2265306122449,28.8469387755102
173,"Yellow Medicine","MN",-107000.001,"Swain",5.2265306122449,28.8469387755102
173,"Taylor","IA",23,"Swain",5.2265306122449,28.8469387755102
173,"Warrick","IN",5376924,"Swain",5.2265306122449,28.8469387755102
173,"Thurston","NE",48,"Swain",5.2265306122449,28.8469387755102
183,"Gregg","TX",364279,"Wake",7.28854166666667,37.7604166666667
183,"Weakley","TN",149160,"Wake",7.28854166666667,37.7604166666667
183,"Vermilion","IL",37754,"Wake",7.28854166666667,37.7604166666667
183,"Wake","NC",182687,"Wake",7.28854166666667,37.7604166666667
183,"Ohio","KY",2388553,"Wake",7.28854166666667,37.7604166666667
183,"St Charles","MO",3665843,"Wake",7.28854166666667,37.7604166666667
185,"Stafford","KS",NA,"Lowndes",7.775,39.45
185,"Lowndes","GA",331573.588,"Lowndes",7.775,39.45
185,"North Slope","AK",133417,"Lowndes",7.775,39.45
185,"Grimes","TX",4312873,"Lowndes",7.775,39.45
185,"York","NE",17,"Lowndes",7.775,39.45
185,"Oldham","KY",205401.999,"Lowndes",7.775,39.45
213,"Henderson","TX",62067,"Murray",3.12857142857143,17.4285714285714
213,"Murray","GA",7926566,"Murray",3.12857142857143,17.4285714285714
215,"Muscogee","GA",NA,"Muscogee",9.08513513513513,45.0945945945946
215,"Hidalgo","TX",5368038.002,"Muscogee",9.08513513513513,45.0945945945946
245,"Richmond","GA",393866.073,"Richmond",8.86716417910448,43.4029850746269
245,"Jefferson","TX",7608221.52,"Richmond",8.86716417910448,43.4029850746269
303,"Lubbock","TX",1630965,"Washington",9.76129032258065,45.3064516129032
303,"Washington","GA",689740,"Washington",9.76129032258065,45.3064516129032
